{
  "scan_dir": "/home/acead/Quantum-APL/logs/helix-sweep-20251209_051231",
  "run_count": 5,
  "runs": [
    {
      "geom_path": "/home/acead/Quantum-APL/logs/helix-sweep-20251209_051231/zwalk_z0p41.geom.json",
      "tokens_path": "docs/examples/z_solve.apl",
      "node_count": 5,
      "nodes": [
        {
          "slug": "z0p41",
          "z": 0.41,
          "geometry": {
            "z": 0.41,
            "z_c": 0.8660254037844386,
            "sigma": 0.12,
            "delta_s_neg": 0.022366036505199593,
            "R": 0.8444084908737001,
            "H": 0.12402588657093593,
            "phi": 0.00585541466455468,
            "z_top": 0.47201294328546795,
            "z_bot": 0.347987056714532,
            "vertices": [
              {
                "k": 0,
                "x": 0.8443940152705872,
                "y": 0.004944333606751145,
                "z_top": 0.47201294328546795,
                "z_bot": 0.347987056714532
              },
              {
                "k": 1,
                "x": 0.4179150891270621,
                "y": 0.7337388348312492,
                "z_top": 0.47201294328546795,
                "z_bot": 0.347987056714532
              },
              {
                "k": 2,
                "x": -0.4264789261435251,
                "y": 0.7287945012244984,
                "z_top": 0.47201294328546795,
                "z_bot": 0.347987056714532
              },
              {
                "k": 3,
                "x": -0.8443940152705872,
                "y": -0.004944333606751005,
                "z_top": 0.47201294328546795,
                "z_bot": 0.347987056714532
              },
              {
                "k": 4,
                "x": -0.4179150891270623,
                "y": -0.7337388348312491,
                "z_top": 0.47201294328546795,
                "z_bot": 0.347987056714532
              },
              {
                "k": 5,
                "x": 0.4264789261435246,
                "y": -0.7287945012244985,
                "z_top": 0.47201294328546795,
                "z_bot": 0.347987056714532
              }
            ]
          }
        },
        {
          "slug": "z0p52",
          "z": 0.52,
          "geometry": {
            "z": 0.52,
            "z_c": 0.8660254037844386,
            "sigma": 0.12,
            "delta_s_neg": 0.055936115642881555,
            "R": 0.8360159710892796,
            "H": 0.13006850081571866,
            "phi": 0.014644040831168815,
            "z_top": 0.5850342504078594,
            "z_bot": 0.4549657495921407,
            "vertices": [
              {
                "k": 0,
                "x": 0.8359263317432081,
                "y": 0.01224221445226485,
                "z_top": 0.5850342504078594,
                "z_bot": 0.4549657495921407
              },
              {
                "k": 1,
                "x": 0.4073610971573658,
                "y": 0.7300545462080887,
                "z_top": 0.5850342504078594,
                "z_bot": 0.4549657495921407
              },
              {
                "k": 2,
                "x": -0.4285652345858422,
                "y": 0.717812331755824,
                "z_top": 0.5850342504078594,
                "z_bot": 0.4549657495921407
              },
              {
                "k": 3,
                "x": -0.8359263317432081,
                "y": -0.01224221445226471,
                "z_top": 0.5850342504078594,
                "z_bot": 0.4549657495921407
              },
              {
                "k": 4,
                "x": -0.4073610971573657,
                "y": -0.7300545462080887,
                "z_top": 0.5850342504078594,
                "z_bot": 0.4549657495921407
              },
              {
                "k": 5,
                "x": 0.4285652345858421,
                "y": -0.7178123317558242,
                "z_top": 0.5850342504078594,
                "z_bot": 0.4549657495921407
              }
            ]
          }
        },
        {
          "slug": "z0p70",
          "z": 0.7,
          "geometry": {
            "z": 0.7,
            "z_c": 0.8660254037844386,
            "sigma": 0.12,
            "delta_s_neg": 0.25068827811386823,
            "R": 0.7873279304715329,
            "H": 0.16512389006049627,
            "phi": 0.06563003773863361,
            "z_top": 0.7825619450302481,
            "z_bot": 0.6174380549697518,
            "vertices": [
              {
                "k": 0,
                "x": 0.7856329094893592,
                "y": 0.051635275034334814,
                "z_top": 0.7825619450302481,
                "z_bot": 0.6174380549697518
              },
              {
                "k": 1,
                "x": 0.3480989948335493,
                "y": 0.706195695184033,
                "z_top": 0.7825619450302481,
                "z_bot": 0.6174380549697518
              },
              {
                "k": 2,
                "x": -0.43753391465580976,
                "y": 0.6545604201496983,
                "z_top": 0.7825619450302481,
                "z_bot": 0.6174380549697518
              },
              {
                "k": 3,
                "x": -0.7856329094893592,
                "y": -0.051635275034334724,
                "z_top": 0.7825619450302481,
                "z_bot": 0.6174380549697518
              },
              {
                "k": 4,
                "x": -0.3480989948335499,
                "y": -0.7061956951840327,
                "z_top": 0.7825619450302481,
                "z_bot": 0.6174380549697518
              },
              {
                "k": 5,
                "x": 0.43753391465580915,
                "y": -0.6545604201496987,
                "z_top": 0.7825619450302481,
                "z_bot": 0.6174380549697518
              }
            ]
          }
        },
        {
          "slug": "z0p73",
          "z": 0.73,
          "geometry": {
            "z": 0.73,
            "z_c": 0.8660254037844386,
            "sigma": 0.12,
            "delta_s_neg": 0.3218901207638921,
            "R": 0.769527469809027,
            "H": 0.17794022173750057,
            "phi": 0.08427063655458122,
            "z_top": 0.8189701108687503,
            "z_bot": 0.6410298891312497,
            "vertices": [
              {
                "k": 0,
                "x": 0.7667966713306706,
                "y": 0.06477184285541276,
                "z_top": 0.8189701108687503,
                "z_bot": 0.6410298891312497
              },
              {
                "k": 1,
                "x": 0.32730427430261433,
                "y": 0.6964513183374139,
                "z_top": 0.8189701108687503,
                "z_bot": 0.6410298891312497
              },
              {
                "k": 2,
                "x": -0.4394923970280562,
                "y": 0.6316794754820013,
                "z_top": 0.8189701108687503,
                "z_bot": 0.6410298891312497
              },
              {
                "k": 3,
                "x": -0.7667966713306708,
                "y": -0.06477184285541258,
                "z_top": 0.8189701108687503,
                "z_bot": 0.6410298891312497
              },
              {
                "k": 4,
                "x": -0.3273042743026144,
                "y": -0.6964513183374139,
                "z_top": 0.8189701108687503,
                "z_bot": 0.6410298891312497
              },
              {
                "k": 5,
                "x": 0.4394923970280561,
                "y": -0.6316794754820013,
                "z_top": 0.8189701108687503,
                "z_bot": 0.6410298891312497
              }
            ]
          }
        },
        {
          "slug": "z0p80",
          "z": 0.8,
          "geometry": {
            "z": 0.8,
            "z_c": 0.8660254037844386,
            "sigma": 0.12,
            "delta_s_neg": 0.5768276840694466,
            "R": 0.7057930789826383,
            "H": 0.22382898313250038,
            "phi": 0.1510131345549823,
            "z_top": 0.9119144915662503,
            "z_bot": 0.6880855084337498,
            "vertices": [
              {
                "k": 0,
                "x": 0.6977605676308332,
                "y": 0.10617937935065434,
                "z_top": 0.9119144915662503,
                "z_bot": 0.6880855084337498
              },
              {
                "k": 1,
                "x": 0.2569262439396851,
                "y": 0.6573680670026786,
                "z_top": 0.9119144915662503,
                "z_bot": 0.6880855084337498
              },
              {
                "k": 2,
                "x": -0.44083432369114794,
                "y": 0.5511886876520244,
                "z_top": 0.9119144915662503,
                "z_bot": 0.6880855084337498
              },
              {
                "k": 3,
                "x": -0.6977605676308333,
                "y": -0.10617937935065412,
                "z_top": 0.9119144915662503,
                "z_bot": 0.6880855084337498
              },
              {
                "k": 4,
                "x": -0.25692624393968555,
                "y": -0.6573680670026785,
                "z_top": 0.9119144915662503,
                "z_bot": 0.6880855084337498
              },
              {
                "k": 5,
                "x": 0.4408343236911476,
                "y": -0.5511886876520247,
                "z_top": 0.9119144915662503,
                "z_bot": 0.6880855084337498
              }
            ]
          }
        }
      ]
    },
    {
      "geom_path": "/home/acead/Quantum-APL/logs/helix-sweep-20251209_051231/zwalk_z0p52.geom.json",
      "tokens_path": "docs/examples/z_solve.apl",
      "node_count": 5,
      "nodes": [
        {
          "slug": "z0p41",
          "z": 0.41,
          "geometry": {
            "z": 0.41,
            "z_c": 0.8660254037844386,
            "sigma": 0.12,
            "delta_s_neg": 0.022366036505199593,
            "R": 0.8444084908737001,
            "H": 0.12402588657093593,
            "phi": 0.00585541466455468,
            "z_top": 0.47201294328546795,
            "z_bot": 0.347987056714532,
            "vertices": [
              {
                "k": 0,
                "x": 0.8443940152705872,
                "y": 0.004944333606751145,
                "z_top": 0.47201294328546795,
                "z_bot": 0.347987056714532
              },
              {
                "k": 1,
                "x": 0.4179150891270621,
                "y": 0.7337388348312492,
                "z_top": 0.47201294328546795,
                "z_bot": 0.347987056714532
              },
              {
                "k": 2,
                "x": -0.4264789261435251,
                "y": 0.7287945012244984,
                "z_top": 0.47201294328546795,
                "z_bot": 0.347987056714532
              },
              {
                "k": 3,
                "x": -0.8443940152705872,
                "y": -0.004944333606751005,
                "z_top": 0.47201294328546795,
                "z_bot": 0.347987056714532
              },
              {
                "k": 4,
                "x": -0.4179150891270623,
                "y": -0.7337388348312491,
                "z_top": 0.47201294328546795,
                "z_bot": 0.347987056714532
              },
              {
                "k": 5,
                "x": 0.4264789261435246,
                "y": -0.7287945012244985,
                "z_top": 0.47201294328546795,
                "z_bot": 0.347987056714532
              }
            ]
          }
        },
        {
          "slug": "z0p52",
          "z": 0.52,
          "geometry": {
            "z": 0.52,
            "z_c": 0.8660254037844386,
            "sigma": 0.12,
            "delta_s_neg": 0.055936115642881555,
            "R": 0.8360159710892796,
            "H": 0.13006850081571866,
            "phi": 0.014644040831168815,
            "z_top": 0.5850342504078594,
            "z_bot": 0.4549657495921407,
            "vertices": [
              {
                "k": 0,
                "x": 0.8359263317432081,
                "y": 0.01224221445226485,
                "z_top": 0.5850342504078594,
                "z_bot": 0.4549657495921407
              },
              {
                "k": 1,
                "x": 0.4073610971573658,
                "y": 0.7300545462080887,
                "z_top": 0.5850342504078594,
                "z_bot": 0.4549657495921407
              },
              {
                "k": 2,
                "x": -0.4285652345858422,
                "y": 0.717812331755824,
                "z_top": 0.5850342504078594,
                "z_bot": 0.4549657495921407
              },
              {
                "k": 3,
                "x": -0.8359263317432081,
                "y": -0.01224221445226471,
                "z_top": 0.5850342504078594,
                "z_bot": 0.4549657495921407
              },
              {
                "k": 4,
                "x": -0.4073610971573657,
                "y": -0.7300545462080887,
                "z_top": 0.5850342504078594,
                "z_bot": 0.4549657495921407
              },
              {
                "k": 5,
                "x": 0.4285652345858421,
                "y": -0.7178123317558242,
                "z_top": 0.5850342504078594,
                "z_bot": 0.4549657495921407
              }
            ]
          }
        },
        {
          "slug": "z0p70",
          "z": 0.7,
          "geometry": {
            "z": 0.7,
            "z_c": 0.8660254037844386,
            "sigma": 0.12,
            "delta_s_neg": 0.25068827811386823,
            "R": 0.7873279304715329,
            "H": 0.16512389006049627,
            "phi": 0.06563003773863361,
            "z_top": 0.7825619450302481,
            "z_bot": 0.6174380549697518,
            "vertices": [
              {
                "k": 0,
                "x": 0.7856329094893592,
                "y": 0.051635275034334814,
                "z_top": 0.7825619450302481,
                "z_bot": 0.6174380549697518
              },
              {
                "k": 1,
                "x": 0.3480989948335493,
                "y": 0.706195695184033,
                "z_top": 0.7825619450302481,
                "z_bot": 0.6174380549697518
              },
              {
                "k": 2,
                "x": -0.43753391465580976,
                "y": 0.6545604201496983,
                "z_top": 0.7825619450302481,
                "z_bot": 0.6174380549697518
              },
              {
                "k": 3,
                "x": -0.7856329094893592,
                "y": -0.051635275034334724,
                "z_top": 0.7825619450302481,
                "z_bot": 0.6174380549697518
              },
              {
                "k": 4,
                "x": -0.3480989948335499,
                "y": -0.7061956951840327,
                "z_top": 0.7825619450302481,
                "z_bot": 0.6174380549697518
              },
              {
                "k": 5,
                "x": 0.43753391465580915,
                "y": -0.6545604201496987,
                "z_top": 0.7825619450302481,
                "z_bot": 0.6174380549697518
              }
            ]
          }
        },
        {
          "slug": "z0p73",
          "z": 0.73,
          "geometry": {
            "z": 0.73,
            "z_c": 0.8660254037844386,
            "sigma": 0.12,
            "delta_s_neg": 0.3218901207638921,
            "R": 0.769527469809027,
            "H": 0.17794022173750057,
            "phi": 0.08427063655458122,
            "z_top": 0.8189701108687503,
            "z_bot": 0.6410298891312497,
            "vertices": [
              {
                "k": 0,
                "x": 0.7667966713306706,
                "y": 0.06477184285541276,
                "z_top": 0.8189701108687503,
                "z_bot": 0.6410298891312497
              },
              {
                "k": 1,
                "x": 0.32730427430261433,
                "y": 0.6964513183374139,
                "z_top": 0.8189701108687503,
                "z_bot": 0.6410298891312497
              },
              {
                "k": 2,
                "x": -0.4394923970280562,
                "y": 0.6316794754820013,
                "z_top": 0.8189701108687503,
                "z_bot": 0.6410298891312497
              },
              {
                "k": 3,
                "x": -0.7667966713306708,
                "y": -0.06477184285541258,
                "z_top": 0.8189701108687503,
                "z_bot": 0.6410298891312497
              },
              {
                "k": 4,
                "x": -0.3273042743026144,
                "y": -0.6964513183374139,
                "z_top": 0.8189701108687503,
                "z_bot": 0.6410298891312497
              },
              {
                "k": 5,
                "x": 0.4394923970280561,
                "y": -0.6316794754820013,
                "z_top": 0.8189701108687503,
                "z_bot": 0.6410298891312497
              }
            ]
          }
        },
        {
          "slug": "z0p80",
          "z": 0.8,
          "geometry": {
            "z": 0.8,
            "z_c": 0.8660254037844386,
            "sigma": 0.12,
            "delta_s_neg": 0.5768276840694466,
            "R": 0.7057930789826383,
            "H": 0.22382898313250038,
            "phi": 0.1510131345549823,
            "z_top": 0.9119144915662503,
            "z_bot": 0.6880855084337498,
            "vertices": [
              {
                "k": 0,
                "x": 0.6977605676308332,
                "y": 0.10617937935065434,
                "z_top": 0.9119144915662503,
                "z_bot": 0.6880855084337498
              },
              {
                "k": 1,
                "x": 0.2569262439396851,
                "y": 0.6573680670026786,
                "z_top": 0.9119144915662503,
                "z_bot": 0.6880855084337498
              },
              {
                "k": 2,
                "x": -0.44083432369114794,
                "y": 0.5511886876520244,
                "z_top": 0.9119144915662503,
                "z_bot": 0.6880855084337498
              },
              {
                "k": 3,
                "x": -0.6977605676308333,
                "y": -0.10617937935065412,
                "z_top": 0.9119144915662503,
                "z_bot": 0.6880855084337498
              },
              {
                "k": 4,
                "x": -0.25692624393968555,
                "y": -0.6573680670026785,
                "z_top": 0.9119144915662503,
                "z_bot": 0.6880855084337498
              },
              {
                "k": 5,
                "x": 0.4408343236911476,
                "y": -0.5511886876520247,
                "z_top": 0.9119144915662503,
                "z_bot": 0.6880855084337498
              }
            ]
          }
        }
      ]
    },
    {
      "geom_path": "/home/acead/Quantum-APL/logs/helix-sweep-20251209_051231/zwalk_z0p70.geom.json",
      "tokens_path": "docs/examples/z_solve.apl",
      "node_count": 5,
      "nodes": [
        {
          "slug": "z0p41",
          "z": 0.41,
          "geometry": {
            "z": 0.41,
            "z_c": 0.8660254037844386,
            "sigma": 0.12,
            "delta_s_neg": 0.022366036505199593,
            "R": 0.8444084908737001,
            "H": 0.12402588657093593,
            "phi": 0.00585541466455468,
            "z_top": 0.47201294328546795,
            "z_bot": 0.347987056714532,
            "vertices": [
              {
                "k": 0,
                "x": 0.8443940152705872,
                "y": 0.004944333606751145,
                "z_top": 0.47201294328546795,
                "z_bot": 0.347987056714532
              },
              {
                "k": 1,
                "x": 0.4179150891270621,
                "y": 0.7337388348312492,
                "z_top": 0.47201294328546795,
                "z_bot": 0.347987056714532
              },
              {
                "k": 2,
                "x": -0.4264789261435251,
                "y": 0.7287945012244984,
                "z_top": 0.47201294328546795,
                "z_bot": 0.347987056714532
              },
              {
                "k": 3,
                "x": -0.8443940152705872,
                "y": -0.004944333606751005,
                "z_top": 0.47201294328546795,
                "z_bot": 0.347987056714532
              },
              {
                "k": 4,
                "x": -0.4179150891270623,
                "y": -0.7337388348312491,
                "z_top": 0.47201294328546795,
                "z_bot": 0.347987056714532
              },
              {
                "k": 5,
                "x": 0.4264789261435246,
                "y": -0.7287945012244985,
                "z_top": 0.47201294328546795,
                "z_bot": 0.347987056714532
              }
            ]
          }
        },
        {
          "slug": "z0p52",
          "z": 0.52,
          "geometry": {
            "z": 0.52,
            "z_c": 0.8660254037844386,
            "sigma": 0.12,
            "delta_s_neg": 0.055936115642881555,
            "R": 0.8360159710892796,
            "H": 0.13006850081571866,
            "phi": 0.014644040831168815,
            "z_top": 0.5850342504078594,
            "z_bot": 0.4549657495921407,
            "vertices": [
              {
                "k": 0,
                "x": 0.8359263317432081,
                "y": 0.01224221445226485,
                "z_top": 0.5850342504078594,
                "z_bot": 0.4549657495921407
              },
              {
                "k": 1,
                "x": 0.4073610971573658,
                "y": 0.7300545462080887,
                "z_top": 0.5850342504078594,
                "z_bot": 0.4549657495921407
              },
              {
                "k": 2,
                "x": -0.4285652345858422,
                "y": 0.717812331755824,
                "z_top": 0.5850342504078594,
                "z_bot": 0.4549657495921407
              },
              {
                "k": 3,
                "x": -0.8359263317432081,
                "y": -0.01224221445226471,
                "z_top": 0.5850342504078594,
                "z_bot": 0.4549657495921407
              },
              {
                "k": 4,
                "x": -0.4073610971573657,
                "y": -0.7300545462080887,
                "z_top": 0.5850342504078594,
                "z_bot": 0.4549657495921407
              },
              {
                "k": 5,
                "x": 0.4285652345858421,
                "y": -0.7178123317558242,
                "z_top": 0.5850342504078594,
                "z_bot": 0.4549657495921407
              }
            ]
          }
        },
        {
          "slug": "z0p70",
          "z": 0.7,
          "geometry": {
            "z": 0.7,
            "z_c": 0.8660254037844386,
            "sigma": 0.12,
            "delta_s_neg": 0.25068827811386823,
            "R": 0.7873279304715329,
            "H": 0.16512389006049627,
            "phi": 0.06563003773863361,
            "z_top": 0.7825619450302481,
            "z_bot": 0.6174380549697518,
            "vertices": [
              {
                "k": 0,
                "x": 0.7856329094893592,
                "y": 0.051635275034334814,
                "z_top": 0.7825619450302481,
                "z_bot": 0.6174380549697518
              },
              {
                "k": 1,
                "x": 0.3480989948335493,
                "y": 0.706195695184033,
                "z_top": 0.7825619450302481,
                "z_bot": 0.6174380549697518
              },
              {
                "k": 2,
                "x": -0.43753391465580976,
                "y": 0.6545604201496983,
                "z_top": 0.7825619450302481,
                "z_bot": 0.6174380549697518
              },
              {
                "k": 3,
                "x": -0.7856329094893592,
                "y": -0.051635275034334724,
                "z_top": 0.7825619450302481,
                "z_bot": 0.6174380549697518
              },
              {
                "k": 4,
                "x": -0.3480989948335499,
                "y": -0.7061956951840327,
                "z_top": 0.7825619450302481,
                "z_bot": 0.6174380549697518
              },
              {
                "k": 5,
                "x": 0.43753391465580915,
                "y": -0.6545604201496987,
                "z_top": 0.7825619450302481,
                "z_bot": 0.6174380549697518
              }
            ]
          }
        },
        {
          "slug": "z0p73",
          "z": 0.73,
          "geometry": {
            "z": 0.73,
            "z_c": 0.8660254037844386,
            "sigma": 0.12,
            "delta_s_neg": 0.3218901207638921,
            "R": 0.769527469809027,
            "H": 0.17794022173750057,
            "phi": 0.08427063655458122,
            "z_top": 0.8189701108687503,
            "z_bot": 0.6410298891312497,
            "vertices": [
              {
                "k": 0,
                "x": 0.7667966713306706,
                "y": 0.06477184285541276,
                "z_top": 0.8189701108687503,
                "z_bot": 0.6410298891312497
              },
              {
                "k": 1,
                "x": 0.32730427430261433,
                "y": 0.6964513183374139,
                "z_top": 0.8189701108687503,
                "z_bot": 0.6410298891312497
              },
              {
                "k": 2,
                "x": -0.4394923970280562,
                "y": 0.6316794754820013,
                "z_top": 0.8189701108687503,
                "z_bot": 0.6410298891312497
              },
              {
                "k": 3,
                "x": -0.7667966713306708,
                "y": -0.06477184285541258,
                "z_top": 0.8189701108687503,
                "z_bot": 0.6410298891312497
              },
              {
                "k": 4,
                "x": -0.3273042743026144,
                "y": -0.6964513183374139,
                "z_top": 0.8189701108687503,
                "z_bot": 0.6410298891312497
              },
              {
                "k": 5,
                "x": 0.4394923970280561,
                "y": -0.6316794754820013,
                "z_top": 0.8189701108687503,
                "z_bot": 0.6410298891312497
              }
            ]
          }
        },
        {
          "slug": "z0p80",
          "z": 0.8,
          "geometry": {
            "z": 0.8,
            "z_c": 0.8660254037844386,
            "sigma": 0.12,
            "delta_s_neg": 0.5768276840694466,
            "R": 0.7057930789826383,
            "H": 0.22382898313250038,
            "phi": 0.1510131345549823,
            "z_top": 0.9119144915662503,
            "z_bot": 0.6880855084337498,
            "vertices": [
              {
                "k": 0,
                "x": 0.6977605676308332,
                "y": 0.10617937935065434,
                "z_top": 0.9119144915662503,
                "z_bot": 0.6880855084337498
              },
              {
                "k": 1,
                "x": 0.2569262439396851,
                "y": 0.6573680670026786,
                "z_top": 0.9119144915662503,
                "z_bot": 0.6880855084337498
              },
              {
                "k": 2,
                "x": -0.44083432369114794,
                "y": 0.5511886876520244,
                "z_top": 0.9119144915662503,
                "z_bot": 0.6880855084337498
              },
              {
                "k": 3,
                "x": -0.6977605676308333,
                "y": -0.10617937935065412,
                "z_top": 0.9119144915662503,
                "z_bot": 0.6880855084337498
              },
              {
                "k": 4,
                "x": -0.25692624393968555,
                "y": -0.6573680670026785,
                "z_top": 0.9119144915662503,
                "z_bot": 0.6880855084337498
              },
              {
                "k": 5,
                "x": 0.4408343236911476,
                "y": -0.5511886876520247,
                "z_top": 0.9119144915662503,
                "z_bot": 0.6880855084337498
              }
            ]
          }
        }
      ]
    },
    {
      "geom_path": "/home/acead/Quantum-APL/logs/helix-sweep-20251209_051231/zwalk_z0p73.geom.json",
      "tokens_path": "docs/examples/z_solve.apl",
      "node_count": 5,
      "nodes": [
        {
          "slug": "z0p41",
          "z": 0.41,
          "geometry": {
            "z": 0.41,
            "z_c": 0.8660254037844386,
            "sigma": 0.12,
            "delta_s_neg": 0.022366036505199593,
            "R": 0.8444084908737001,
            "H": 0.12402588657093593,
            "phi": 0.00585541466455468,
            "z_top": 0.47201294328546795,
            "z_bot": 0.347987056714532,
            "vertices": [
              {
                "k": 0,
                "x": 0.8443940152705872,
                "y": 0.004944333606751145,
                "z_top": 0.47201294328546795,
                "z_bot": 0.347987056714532
              },
              {
                "k": 1,
                "x": 0.4179150891270621,
                "y": 0.7337388348312492,
                "z_top": 0.47201294328546795,
                "z_bot": 0.347987056714532
              },
              {
                "k": 2,
                "x": -0.4264789261435251,
                "y": 0.7287945012244984,
                "z_top": 0.47201294328546795,
                "z_bot": 0.347987056714532
              },
              {
                "k": 3,
                "x": -0.8443940152705872,
                "y": -0.004944333606751005,
                "z_top": 0.47201294328546795,
                "z_bot": 0.347987056714532
              },
              {
                "k": 4,
                "x": -0.4179150891270623,
                "y": -0.7337388348312491,
                "z_top": 0.47201294328546795,
                "z_bot": 0.347987056714532
              },
              {
                "k": 5,
                "x": 0.4264789261435246,
                "y": -0.7287945012244985,
                "z_top": 0.47201294328546795,
                "z_bot": 0.347987056714532
              }
            ]
          }
        },
        {
          "slug": "z0p52",
          "z": 0.52,
          "geometry": {
            "z": 0.52,
            "z_c": 0.8660254037844386,
            "sigma": 0.12,
            "delta_s_neg": 0.055936115642881555,
            "R": 0.8360159710892796,
            "H": 0.13006850081571866,
            "phi": 0.014644040831168815,
            "z_top": 0.5850342504078594,
            "z_bot": 0.4549657495921407,
            "vertices": [
              {
                "k": 0,
                "x": 0.8359263317432081,
                "y": 0.01224221445226485,
                "z_top": 0.5850342504078594,
                "z_bot": 0.4549657495921407
              },
              {
                "k": 1,
                "x": 0.4073610971573658,
                "y": 0.7300545462080887,
                "z_top": 0.5850342504078594,
                "z_bot": 0.4549657495921407
              },
              {
                "k": 2,
                "x": -0.4285652345858422,
                "y": 0.717812331755824,
                "z_top": 0.5850342504078594,
                "z_bot": 0.4549657495921407
              },
              {
                "k": 3,
                "x": -0.8359263317432081,
                "y": -0.01224221445226471,
                "z_top": 0.5850342504078594,
                "z_bot": 0.4549657495921407
              },
              {
                "k": 4,
                "x": -0.4073610971573657,
                "y": -0.7300545462080887,
                "z_top": 0.5850342504078594,
                "z_bot": 0.4549657495921407
              },
              {
                "k": 5,
                "x": 0.4285652345858421,
                "y": -0.7178123317558242,
                "z_top": 0.5850342504078594,
                "z_bot": 0.4549657495921407
              }
            ]
          }
        },
        {
          "slug": "z0p70",
          "z": 0.7,
          "geometry": {
            "z": 0.7,
            "z_c": 0.8660254037844386,
            "sigma": 0.12,
            "delta_s_neg": 0.25068827811386823,
            "R": 0.7873279304715329,
            "H": 0.16512389006049627,
            "phi": 0.06563003773863361,
            "z_top": 0.7825619450302481,
            "z_bot": 0.6174380549697518,
            "vertices": [
              {
                "k": 0,
                "x": 0.7856329094893592,
                "y": 0.051635275034334814,
                "z_top": 0.7825619450302481,
                "z_bot": 0.6174380549697518
              },
              {
                "k": 1,
                "x": 0.3480989948335493,
                "y": 0.706195695184033,
                "z_top": 0.7825619450302481,
                "z_bot": 0.6174380549697518
              },
              {
                "k": 2,
                "x": -0.43753391465580976,
                "y": 0.6545604201496983,
                "z_top": 0.7825619450302481,
                "z_bot": 0.6174380549697518
              },
              {
                "k": 3,
                "x": -0.7856329094893592,
                "y": -0.051635275034334724,
                "z_top": 0.7825619450302481,
                "z_bot": 0.6174380549697518
              },
              {
                "k": 4,
                "x": -0.3480989948335499,
                "y": -0.7061956951840327,
                "z_top": 0.7825619450302481,
                "z_bot": 0.6174380549697518
              },
              {
                "k": 5,
                "x": 0.43753391465580915,
                "y": -0.6545604201496987,
                "z_top": 0.7825619450302481,
                "z_bot": 0.6174380549697518
              }
            ]
          }
        },
        {
          "slug": "z0p73",
          "z": 0.73,
          "geometry": {
            "z": 0.73,
            "z_c": 0.8660254037844386,
            "sigma": 0.12,
            "delta_s_neg": 0.3218901207638921,
            "R": 0.769527469809027,
            "H": 0.17794022173750057,
            "phi": 0.08427063655458122,
            "z_top": 0.8189701108687503,
            "z_bot": 0.6410298891312497,
            "vertices": [
              {
                "k": 0,
                "x": 0.7667966713306706,
                "y": 0.06477184285541276,
                "z_top": 0.8189701108687503,
                "z_bot": 0.6410298891312497
              },
              {
                "k": 1,
                "x": 0.32730427430261433,
                "y": 0.6964513183374139,
                "z_top": 0.8189701108687503,
                "z_bot": 0.6410298891312497
              },
              {
                "k": 2,
                "x": -0.4394923970280562,
                "y": 0.6316794754820013,
                "z_top": 0.8189701108687503,
                "z_bot": 0.6410298891312497
              },
              {
                "k": 3,
                "x": -0.7667966713306708,
                "y": -0.06477184285541258,
                "z_top": 0.8189701108687503,
                "z_bot": 0.6410298891312497
              },
              {
                "k": 4,
                "x": -0.3273042743026144,
                "y": -0.6964513183374139,
                "z_top": 0.8189701108687503,
                "z_bot": 0.6410298891312497
              },
              {
                "k": 5,
                "x": 0.4394923970280561,
                "y": -0.6316794754820013,
                "z_top": 0.8189701108687503,
                "z_bot": 0.6410298891312497
              }
            ]
          }
        },
        {
          "slug": "z0p80",
          "z": 0.8,
          "geometry": {
            "z": 0.8,
            "z_c": 0.8660254037844386,
            "sigma": 0.12,
            "delta_s_neg": 0.5768276840694466,
            "R": 0.7057930789826383,
            "H": 0.22382898313250038,
            "phi": 0.1510131345549823,
            "z_top": 0.9119144915662503,
            "z_bot": 0.6880855084337498,
            "vertices": [
              {
                "k": 0,
                "x": 0.6977605676308332,
                "y": 0.10617937935065434,
                "z_top": 0.9119144915662503,
                "z_bot": 0.6880855084337498
              },
              {
                "k": 1,
                "x": 0.2569262439396851,
                "y": 0.6573680670026786,
                "z_top": 0.9119144915662503,
                "z_bot": 0.6880855084337498
              },
              {
                "k": 2,
                "x": -0.44083432369114794,
                "y": 0.5511886876520244,
                "z_top": 0.9119144915662503,
                "z_bot": 0.6880855084337498
              },
              {
                "k": 3,
                "x": -0.6977605676308333,
                "y": -0.10617937935065412,
                "z_top": 0.9119144915662503,
                "z_bot": 0.6880855084337498
              },
              {
                "k": 4,
                "x": -0.25692624393968555,
                "y": -0.6573680670026785,
                "z_top": 0.9119144915662503,
                "z_bot": 0.6880855084337498
              },
              {
                "k": 5,
                "x": 0.4408343236911476,
                "y": -0.5511886876520247,
                "z_top": 0.9119144915662503,
                "z_bot": 0.6880855084337498
              }
            ]
          }
        }
      ]
    },
    {
      "geom_path": "/home/acead/Quantum-APL/logs/helix-sweep-20251209_051231/zwalk_z0p80.geom.json",
      "tokens_path": "docs/examples/z_solve.apl",
      "node_count": 5,
      "nodes": [
        {
          "slug": "z0p41",
          "z": 0.41,
          "geometry": {
            "z": 0.41,
            "z_c": 0.8660254037844386,
            "sigma": 0.12,
            "delta_s_neg": 0.022366036505199593,
            "R": 0.8444084908737001,
            "H": 0.12402588657093593,
            "phi": 0.00585541466455468,
            "z_top": 0.47201294328546795,
            "z_bot": 0.347987056714532,
            "vertices": [
              {
                "k": 0,
                "x": 0.8443940152705872,
                "y": 0.004944333606751145,
                "z_top": 0.47201294328546795,
                "z_bot": 0.347987056714532
              },
              {
                "k": 1,
                "x": 0.4179150891270621,
                "y": 0.7337388348312492,
                "z_top": 0.47201294328546795,
                "z_bot": 0.347987056714532
              },
              {
                "k": 2,
                "x": -0.4264789261435251,
                "y": 0.7287945012244984,
                "z_top": 0.47201294328546795,
                "z_bot": 0.347987056714532
              },
              {
                "k": 3,
                "x": -0.8443940152705872,
                "y": -0.004944333606751005,
                "z_top": 0.47201294328546795,
                "z_bot": 0.347987056714532
              },
              {
                "k": 4,
                "x": -0.4179150891270623,
                "y": -0.7337388348312491,
                "z_top": 0.47201294328546795,
                "z_bot": 0.347987056714532
              },
              {
                "k": 5,
                "x": 0.4264789261435246,
                "y": -0.7287945012244985,
                "z_top": 0.47201294328546795,
                "z_bot": 0.347987056714532
              }
            ]
          }
        },
        {
          "slug": "z0p52",
          "z": 0.52,
          "geometry": {
            "z": 0.52,
            "z_c": 0.8660254037844386,
            "sigma": 0.12,
            "delta_s_neg": 0.055936115642881555,
            "R": 0.8360159710892796,
            "H": 0.13006850081571866,
            "phi": 0.014644040831168815,
            "z_top": 0.5850342504078594,
            "z_bot": 0.4549657495921407,
            "vertices": [
              {
                "k": 0,
                "x": 0.8359263317432081,
                "y": 0.01224221445226485,
                "z_top": 0.5850342504078594,
                "z_bot": 0.4549657495921407
              },
              {
                "k": 1,
                "x": 0.4073610971573658,
                "y": 0.7300545462080887,
                "z_top": 0.5850342504078594,
                "z_bot": 0.4549657495921407
              },
              {
                "k": 2,
                "x": -0.4285652345858422,
                "y": 0.717812331755824,
                "z_top": 0.5850342504078594,
                "z_bot": 0.4549657495921407
              },
              {
                "k": 3,
                "x": -0.8359263317432081,
                "y": -0.01224221445226471,
                "z_top": 0.5850342504078594,
                "z_bot": 0.4549657495921407
              },
              {
                "k": 4,
                "x": -0.4073610971573657,
                "y": -0.7300545462080887,
                "z_top": 0.5850342504078594,
                "z_bot": 0.4549657495921407
              },
              {
                "k": 5,
                "x": 0.4285652345858421,
                "y": -0.7178123317558242,
                "z_top": 0.5850342504078594,
                "z_bot": 0.4549657495921407
              }
            ]
          }
        },
        {
          "slug": "z0p70",
          "z": 0.7,
          "geometry": {
            "z": 0.7,
            "z_c": 0.8660254037844386,
            "sigma": 0.12,
            "delta_s_neg": 0.25068827811386823,
            "R": 0.7873279304715329,
            "H": 0.16512389006049627,
            "phi": 0.06563003773863361,
            "z_top": 0.7825619450302481,
            "z_bot": 0.6174380549697518,
            "vertices": [
              {
                "k": 0,
                "x": 0.7856329094893592,
                "y": 0.051635275034334814,
                "z_top": 0.7825619450302481,
                "z_bot": 0.6174380549697518
              },
              {
                "k": 1,
                "x": 0.3480989948335493,
                "y": 0.706195695184033,
                "z_top": 0.7825619450302481,
                "z_bot": 0.6174380549697518
              },
              {
                "k": 2,
                "x": -0.43753391465580976,
                "y": 0.6545604201496983,
                "z_top": 0.7825619450302481,
                "z_bot": 0.6174380549697518
              },
              {
                "k": 3,
                "x": -0.7856329094893592,
                "y": -0.051635275034334724,
                "z_top": 0.7825619450302481,
                "z_bot": 0.6174380549697518
              },
              {
                "k": 4,
                "x": -0.3480989948335499,
                "y": -0.7061956951840327,
                "z_top": 0.7825619450302481,
                "z_bot": 0.6174380549697518
              },
              {
                "k": 5,
                "x": 0.43753391465580915,
                "y": -0.6545604201496987,
                "z_top": 0.7825619450302481,
                "z_bot": 0.6174380549697518
              }
            ]
          }
        },
        {
          "slug": "z0p73",
          "z": 0.73,
          "geometry": {
            "z": 0.73,
            "z_c": 0.8660254037844386,
            "sigma": 0.12,
            "delta_s_neg": 0.3218901207638921,
            "R": 0.769527469809027,
            "H": 0.17794022173750057,
            "phi": 0.08427063655458122,
            "z_top": 0.8189701108687503,
            "z_bot": 0.6410298891312497,
            "vertices": [
              {
                "k": 0,
                "x": 0.7667966713306706,
                "y": 0.06477184285541276,
                "z_top": 0.8189701108687503,
                "z_bot": 0.6410298891312497
              },
              {
                "k": 1,
                "x": 0.32730427430261433,
                "y": 0.6964513183374139,
                "z_top": 0.8189701108687503,
                "z_bot": 0.6410298891312497
              },
              {
                "k": 2,
                "x": -0.4394923970280562,
                "y": 0.6316794754820013,
                "z_top": 0.8189701108687503,
                "z_bot": 0.6410298891312497
              },
              {
                "k": 3,
                "x": -0.7667966713306708,
                "y": -0.06477184285541258,
                "z_top": 0.8189701108687503,
                "z_bot": 0.6410298891312497
              },
              {
                "k": 4,
                "x": -0.3273042743026144,
                "y": -0.6964513183374139,
                "z_top": 0.8189701108687503,
                "z_bot": 0.6410298891312497
              },
              {
                "k": 5,
                "x": 0.4394923970280561,
                "y": -0.6316794754820013,
                "z_top": 0.8189701108687503,
                "z_bot": 0.6410298891312497
              }
            ]
          }
        },
        {
          "slug": "z0p80",
          "z": 0.8,
          "geometry": {
            "z": 0.8,
            "z_c": 0.8660254037844386,
            "sigma": 0.12,
            "delta_s_neg": 0.5768276840694466,
            "R": 0.7057930789826383,
            "H": 0.22382898313250038,
            "phi": 0.1510131345549823,
            "z_top": 0.9119144915662503,
            "z_bot": 0.6880855084337498,
            "vertices": [
              {
                "k": 0,
                "x": 0.6977605676308332,
                "y": 0.10617937935065434,
                "z_top": 0.9119144915662503,
                "z_bot": 0.6880855084337498
              },
              {
                "k": 1,
                "x": 0.2569262439396851,
                "y": 0.6573680670026786,
                "z_top": 0.9119144915662503,
                "z_bot": 0.6880855084337498
              },
              {
                "k": 2,
                "x": -0.44083432369114794,
                "y": 0.5511886876520244,
                "z_top": 0.9119144915662503,
                "z_bot": 0.6880855084337498
              },
              {
                "k": 3,
                "x": -0.6977605676308333,
                "y": -0.10617937935065412,
                "z_top": 0.9119144915662503,
                "z_bot": 0.6880855084337498
              },
              {
                "k": 4,
                "x": -0.25692624393968555,
                "y": -0.6573680670026785,
                "z_top": 0.9119144915662503,
                "z_bot": 0.6880855084337498
              },
              {
                "k": 5,
                "x": 0.4408343236911476,
                "y": -0.5511886876520247,
                "z_top": 0.9119144915662503,
                "z_bot": 0.6880855084337498
              }
            ]
          }
        }
      ]
    }
  ],
  "by_slug": {
    "z0p41": [
      {
        "geom_path": "/home/acead/Quantum-APL/logs/helix-sweep-20251209_051231/zwalk_z0p41.geom.json",
        "z": 0.41,
        "geometry": {
          "z": 0.41,
          "z_c": 0.8660254037844386,
          "sigma": 0.12,
          "delta_s_neg": 0.022366036505199593,
          "R": 0.8444084908737001,
          "H": 0.12402588657093593,
          "phi": 0.00585541466455468,
          "z_top": 0.47201294328546795,
          "z_bot": 0.347987056714532,
          "vertices": [
            {
              "k": 0,
              "x": 0.8443940152705872,
              "y": 0.004944333606751145,
              "z_top": 0.47201294328546795,
              "z_bot": 0.347987056714532
            },
            {
              "k": 1,
              "x": 0.4179150891270621,
              "y": 0.7337388348312492,
              "z_top": 0.47201294328546795,
              "z_bot": 0.347987056714532
            },
            {
              "k": 2,
              "x": -0.4264789261435251,
              "y": 0.7287945012244984,
              "z_top": 0.47201294328546795,
              "z_bot": 0.347987056714532
            },
            {
              "k": 3,
              "x": -0.8443940152705872,
              "y": -0.004944333606751005,
              "z_top": 0.47201294328546795,
              "z_bot": 0.347987056714532
            },
            {
              "k": 4,
              "x": -0.4179150891270623,
              "y": -0.7337388348312491,
              "z_top": 0.47201294328546795,
              "z_bot": 0.347987056714532
            },
            {
              "k": 5,
              "x": 0.4264789261435246,
              "y": -0.7287945012244985,
              "z_top": 0.47201294328546795,
              "z_bot": 0.347987056714532
            }
          ]
        }
      },
      {
        "geom_path": "/home/acead/Quantum-APL/logs/helix-sweep-20251209_051231/zwalk_z0p52.geom.json",
        "z": 0.41,
        "geometry": {
          "z": 0.41,
          "z_c": 0.8660254037844386,
          "sigma": 0.12,
          "delta_s_neg": 0.022366036505199593,
          "R": 0.8444084908737001,
          "H": 0.12402588657093593,
          "phi": 0.00585541466455468,
          "z_top": 0.47201294328546795,
          "z_bot": 0.347987056714532,
          "vertices": [
            {
              "k": 0,
              "x": 0.8443940152705872,
              "y": 0.004944333606751145,
              "z_top": 0.47201294328546795,
              "z_bot": 0.347987056714532
            },
            {
              "k": 1,
              "x": 0.4179150891270621,
              "y": 0.7337388348312492,
              "z_top": 0.47201294328546795,
              "z_bot": 0.347987056714532
            },
            {
              "k": 2,
              "x": -0.4264789261435251,
              "y": 0.7287945012244984,
              "z_top": 0.47201294328546795,
              "z_bot": 0.347987056714532
            },
            {
              "k": 3,
              "x": -0.8443940152705872,
              "y": -0.004944333606751005,
              "z_top": 0.47201294328546795,
              "z_bot": 0.347987056714532
            },
            {
              "k": 4,
              "x": -0.4179150891270623,
              "y": -0.7337388348312491,
              "z_top": 0.47201294328546795,
              "z_bot": 0.347987056714532
            },
            {
              "k": 5,
              "x": 0.4264789261435246,
              "y": -0.7287945012244985,
              "z_top": 0.47201294328546795,
              "z_bot": 0.347987056714532
            }
          ]
        }
      },
      {
        "geom_path": "/home/acead/Quantum-APL/logs/helix-sweep-20251209_051231/zwalk_z0p70.geom.json",
        "z": 0.41,
        "geometry": {
          "z": 0.41,
          "z_c": 0.8660254037844386,
          "sigma": 0.12,
          "delta_s_neg": 0.022366036505199593,
          "R": 0.8444084908737001,
          "H": 0.12402588657093593,
          "phi": 0.00585541466455468,
          "z_top": 0.47201294328546795,
          "z_bot": 0.347987056714532,
          "vertices": [
            {
              "k": 0,
              "x": 0.8443940152705872,
              "y": 0.004944333606751145,
              "z_top": 0.47201294328546795,
              "z_bot": 0.347987056714532
            },
            {
              "k": 1,
              "x": 0.4179150891270621,
              "y": 0.7337388348312492,
              "z_top": 0.47201294328546795,
              "z_bot": 0.347987056714532
            },
            {
              "k": 2,
              "x": -0.4264789261435251,
              "y": 0.7287945012244984,
              "z_top": 0.47201294328546795,
              "z_bot": 0.347987056714532
            },
            {
              "k": 3,
              "x": -0.8443940152705872,
              "y": -0.004944333606751005,
              "z_top": 0.47201294328546795,
              "z_bot": 0.347987056714532
            },
            {
              "k": 4,
              "x": -0.4179150891270623,
              "y": -0.7337388348312491,
              "z_top": 0.47201294328546795,
              "z_bot": 0.347987056714532
            },
            {
              "k": 5,
              "x": 0.4264789261435246,
              "y": -0.7287945012244985,
              "z_top": 0.47201294328546795,
              "z_bot": 0.347987056714532
            }
          ]
        }
      },
      {
        "geom_path": "/home/acead/Quantum-APL/logs/helix-sweep-20251209_051231/zwalk_z0p73.geom.json",
        "z": 0.41,
        "geometry": {
          "z": 0.41,
          "z_c": 0.8660254037844386,
          "sigma": 0.12,
          "delta_s_neg": 0.022366036505199593,
          "R": 0.8444084908737001,
          "H": 0.12402588657093593,
          "phi": 0.00585541466455468,
          "z_top": 0.47201294328546795,
          "z_bot": 0.347987056714532,
          "vertices": [
            {
              "k": 0,
              "x": 0.8443940152705872,
              "y": 0.004944333606751145,
              "z_top": 0.47201294328546795,
              "z_bot": 0.347987056714532
            },
            {
              "k": 1,
              "x": 0.4179150891270621,
              "y": 0.7337388348312492,
              "z_top": 0.47201294328546795,
              "z_bot": 0.347987056714532
            },
            {
              "k": 2,
              "x": -0.4264789261435251,
              "y": 0.7287945012244984,
              "z_top": 0.47201294328546795,
              "z_bot": 0.347987056714532
            },
            {
              "k": 3,
              "x": -0.8443940152705872,
              "y": -0.004944333606751005,
              "z_top": 0.47201294328546795,
              "z_bot": 0.347987056714532
            },
            {
              "k": 4,
              "x": -0.4179150891270623,
              "y": -0.7337388348312491,
              "z_top": 0.47201294328546795,
              "z_bot": 0.347987056714532
            },
            {
              "k": 5,
              "x": 0.4264789261435246,
              "y": -0.7287945012244985,
              "z_top": 0.47201294328546795,
              "z_bot": 0.347987056714532
            }
          ]
        }
      },
      {
        "geom_path": "/home/acead/Quantum-APL/logs/helix-sweep-20251209_051231/zwalk_z0p80.geom.json",
        "z": 0.41,
        "geometry": {
          "z": 0.41,
          "z_c": 0.8660254037844386,
          "sigma": 0.12,
          "delta_s_neg": 0.022366036505199593,
          "R": 0.8444084908737001,
          "H": 0.12402588657093593,
          "phi": 0.00585541466455468,
          "z_top": 0.47201294328546795,
          "z_bot": 0.347987056714532,
          "vertices": [
            {
              "k": 0,
              "x": 0.8443940152705872,
              "y": 0.004944333606751145,
              "z_top": 0.47201294328546795,
              "z_bot": 0.347987056714532
            },
            {
              "k": 1,
              "x": 0.4179150891270621,
              "y": 0.7337388348312492,
              "z_top": 0.47201294328546795,
              "z_bot": 0.347987056714532
            },
            {
              "k": 2,
              "x": -0.4264789261435251,
              "y": 0.7287945012244984,
              "z_top": 0.47201294328546795,
              "z_bot": 0.347987056714532
            },
            {
              "k": 3,
              "x": -0.8443940152705872,
              "y": -0.004944333606751005,
              "z_top": 0.47201294328546795,
              "z_bot": 0.347987056714532
            },
            {
              "k": 4,
              "x": -0.4179150891270623,
              "y": -0.7337388348312491,
              "z_top": 0.47201294328546795,
              "z_bot": 0.347987056714532
            },
            {
              "k": 5,
              "x": 0.4264789261435246,
              "y": -0.7287945012244985,
              "z_top": 0.47201294328546795,
              "z_bot": 0.347987056714532
            }
          ]
        }
      }
    ],
    "z0p52": [
      {
        "geom_path": "/home/acead/Quantum-APL/logs/helix-sweep-20251209_051231/zwalk_z0p41.geom.json",
        "z": 0.52,
        "geometry": {
          "z": 0.52,
          "z_c": 0.8660254037844386,
          "sigma": 0.12,
          "delta_s_neg": 0.055936115642881555,
          "R": 0.8360159710892796,
          "H": 0.13006850081571866,
          "phi": 0.014644040831168815,
          "z_top": 0.5850342504078594,
          "z_bot": 0.4549657495921407,
          "vertices": [
            {
              "k": 0,
              "x": 0.8359263317432081,
              "y": 0.01224221445226485,
              "z_top": 0.5850342504078594,
              "z_bot": 0.4549657495921407
            },
            {
              "k": 1,
              "x": 0.4073610971573658,
              "y": 0.7300545462080887,
              "z_top": 0.5850342504078594,
              "z_bot": 0.4549657495921407
            },
            {
              "k": 2,
              "x": -0.4285652345858422,
              "y": 0.717812331755824,
              "z_top": 0.5850342504078594,
              "z_bot": 0.4549657495921407
            },
            {
              "k": 3,
              "x": -0.8359263317432081,
              "y": -0.01224221445226471,
              "z_top": 0.5850342504078594,
              "z_bot": 0.4549657495921407
            },
            {
              "k": 4,
              "x": -0.4073610971573657,
              "y": -0.7300545462080887,
              "z_top": 0.5850342504078594,
              "z_bot": 0.4549657495921407
            },
            {
              "k": 5,
              "x": 0.4285652345858421,
              "y": -0.7178123317558242,
              "z_top": 0.5850342504078594,
              "z_bot": 0.4549657495921407
            }
          ]
        }
      },
      {
        "geom_path": "/home/acead/Quantum-APL/logs/helix-sweep-20251209_051231/zwalk_z0p52.geom.json",
        "z": 0.52,
        "geometry": {
          "z": 0.52,
          "z_c": 0.8660254037844386,
          "sigma": 0.12,
          "delta_s_neg": 0.055936115642881555,
          "R": 0.8360159710892796,
          "H": 0.13006850081571866,
          "phi": 0.014644040831168815,
          "z_top": 0.5850342504078594,
          "z_bot": 0.4549657495921407,
          "vertices": [
            {
              "k": 0,
              "x": 0.8359263317432081,
              "y": 0.01224221445226485,
              "z_top": 0.5850342504078594,
              "z_bot": 0.4549657495921407
            },
            {
              "k": 1,
              "x": 0.4073610971573658,
              "y": 0.7300545462080887,
              "z_top": 0.5850342504078594,
              "z_bot": 0.4549657495921407
            },
            {
              "k": 2,
              "x": -0.4285652345858422,
              "y": 0.717812331755824,
              "z_top": 0.5850342504078594,
              "z_bot": 0.4549657495921407
            },
            {
              "k": 3,
              "x": -0.8359263317432081,
              "y": -0.01224221445226471,
              "z_top": 0.5850342504078594,
              "z_bot": 0.4549657495921407
            },
            {
              "k": 4,
              "x": -0.4073610971573657,
              "y": -0.7300545462080887,
              "z_top": 0.5850342504078594,
              "z_bot": 0.4549657495921407
            },
            {
              "k": 5,
              "x": 0.4285652345858421,
              "y": -0.7178123317558242,
              "z_top": 0.5850342504078594,
              "z_bot": 0.4549657495921407
            }
          ]
        }
      },
      {
        "geom_path": "/home/acead/Quantum-APL/logs/helix-sweep-20251209_051231/zwalk_z0p70.geom.json",
        "z": 0.52,
        "geometry": {
          "z": 0.52,
          "z_c": 0.8660254037844386,
          "sigma": 0.12,
          "delta_s_neg": 0.055936115642881555,
          "R": 0.8360159710892796,
          "H": 0.13006850081571866,
          "phi": 0.014644040831168815,
          "z_top": 0.5850342504078594,
          "z_bot": 0.4549657495921407,
          "vertices": [
            {
              "k": 0,
              "x": 0.8359263317432081,
              "y": 0.01224221445226485,
              "z_top": 0.5850342504078594,
              "z_bot": 0.4549657495921407
            },
            {
              "k": 1,
              "x": 0.4073610971573658,
              "y": 0.7300545462080887,
              "z_top": 0.5850342504078594,
              "z_bot": 0.4549657495921407
            },
            {
              "k": 2,
              "x": -0.4285652345858422,
              "y": 0.717812331755824,
              "z_top": 0.5850342504078594,
              "z_bot": 0.4549657495921407
            },
            {
              "k": 3,
              "x": -0.8359263317432081,
              "y": -0.01224221445226471,
              "z_top": 0.5850342504078594,
              "z_bot": 0.4549657495921407
            },
            {
              "k": 4,
              "x": -0.4073610971573657,
              "y": -0.7300545462080887,
              "z_top": 0.5850342504078594,
              "z_bot": 0.4549657495921407
            },
            {
              "k": 5,
              "x": 0.4285652345858421,
              "y": -0.7178123317558242,
              "z_top": 0.5850342504078594,
              "z_bot": 0.4549657495921407
            }
          ]
        }
      },
      {
        "geom_path": "/home/acead/Quantum-APL/logs/helix-sweep-20251209_051231/zwalk_z0p73.geom.json",
        "z": 0.52,
        "geometry": {
          "z": 0.52,
          "z_c": 0.8660254037844386,
          "sigma": 0.12,
          "delta_s_neg": 0.055936115642881555,
          "R": 0.8360159710892796,
          "H": 0.13006850081571866,
          "phi": 0.014644040831168815,
          "z_top": 0.5850342504078594,
          "z_bot": 0.4549657495921407,
          "vertices": [
            {
              "k": 0,
              "x": 0.8359263317432081,
              "y": 0.01224221445226485,
              "z_top": 0.5850342504078594,
              "z_bot": 0.4549657495921407
            },
            {
              "k": 1,
              "x": 0.4073610971573658,
              "y": 0.7300545462080887,
              "z_top": 0.5850342504078594,
              "z_bot": 0.4549657495921407
            },
            {
              "k": 2,
              "x": -0.4285652345858422,
              "y": 0.717812331755824,
              "z_top": 0.5850342504078594,
              "z_bot": 0.4549657495921407
            },
            {
              "k": 3,
              "x": -0.8359263317432081,
              "y": -0.01224221445226471,
              "z_top": 0.5850342504078594,
              "z_bot": 0.4549657495921407
            },
            {
              "k": 4,
              "x": -0.4073610971573657,
              "y": -0.7300545462080887,
              "z_top": 0.5850342504078594,
              "z_bot": 0.4549657495921407
            },
            {
              "k": 5,
              "x": 0.4285652345858421,
              "y": -0.7178123317558242,
              "z_top": 0.5850342504078594,
              "z_bot": 0.4549657495921407
            }
          ]
        }
      },
      {
        "geom_path": "/home/acead/Quantum-APL/logs/helix-sweep-20251209_051231/zwalk_z0p80.geom.json",
        "z": 0.52,
        "geometry": {
          "z": 0.52,
          "z_c": 0.8660254037844386,
          "sigma": 0.12,
          "delta_s_neg": 0.055936115642881555,
          "R": 0.8360159710892796,
          "H": 0.13006850081571866,
          "phi": 0.014644040831168815,
          "z_top": 0.5850342504078594,
          "z_bot": 0.4549657495921407,
          "vertices": [
            {
              "k": 0,
              "x": 0.8359263317432081,
              "y": 0.01224221445226485,
              "z_top": 0.5850342504078594,
              "z_bot": 0.4549657495921407
            },
            {
              "k": 1,
              "x": 0.4073610971573658,
              "y": 0.7300545462080887,
              "z_top": 0.5850342504078594,
              "z_bot": 0.4549657495921407
            },
            {
              "k": 2,
              "x": -0.4285652345858422,
              "y": 0.717812331755824,
              "z_top": 0.5850342504078594,
              "z_bot": 0.4549657495921407
            },
            {
              "k": 3,
              "x": -0.8359263317432081,
              "y": -0.01224221445226471,
              "z_top": 0.5850342504078594,
              "z_bot": 0.4549657495921407
            },
            {
              "k": 4,
              "x": -0.4073610971573657,
              "y": -0.7300545462080887,
              "z_top": 0.5850342504078594,
              "z_bot": 0.4549657495921407
            },
            {
              "k": 5,
              "x": 0.4285652345858421,
              "y": -0.7178123317558242,
              "z_top": 0.5850342504078594,
              "z_bot": 0.4549657495921407
            }
          ]
        }
      }
    ],
    "z0p70": [
      {
        "geom_path": "/home/acead/Quantum-APL/logs/helix-sweep-20251209_051231/zwalk_z0p41.geom.json",
        "z": 0.7,
        "geometry": {
          "z": 0.7,
          "z_c": 0.8660254037844386,
          "sigma": 0.12,
          "delta_s_neg": 0.25068827811386823,
          "R": 0.7873279304715329,
          "H": 0.16512389006049627,
          "phi": 0.06563003773863361,
          "z_top": 0.7825619450302481,
          "z_bot": 0.6174380549697518,
          "vertices": [
            {
              "k": 0,
              "x": 0.7856329094893592,
              "y": 0.051635275034334814,
              "z_top": 0.7825619450302481,
              "z_bot": 0.6174380549697518
            },
            {
              "k": 1,
              "x": 0.3480989948335493,
              "y": 0.706195695184033,
              "z_top": 0.7825619450302481,
              "z_bot": 0.6174380549697518
            },
            {
              "k": 2,
              "x": -0.43753391465580976,
              "y": 0.6545604201496983,
              "z_top": 0.7825619450302481,
              "z_bot": 0.6174380549697518
            },
            {
              "k": 3,
              "x": -0.7856329094893592,
              "y": -0.051635275034334724,
              "z_top": 0.7825619450302481,
              "z_bot": 0.6174380549697518
            },
            {
              "k": 4,
              "x": -0.3480989948335499,
              "y": -0.7061956951840327,
              "z_top": 0.7825619450302481,
              "z_bot": 0.6174380549697518
            },
            {
              "k": 5,
              "x": 0.43753391465580915,
              "y": -0.6545604201496987,
              "z_top": 0.7825619450302481,
              "z_bot": 0.6174380549697518
            }
          ]
        }
      },
      {
        "geom_path": "/home/acead/Quantum-APL/logs/helix-sweep-20251209_051231/zwalk_z0p52.geom.json",
        "z": 0.7,
        "geometry": {
          "z": 0.7,
          "z_c": 0.8660254037844386,
          "sigma": 0.12,
          "delta_s_neg": 0.25068827811386823,
          "R": 0.7873279304715329,
          "H": 0.16512389006049627,
          "phi": 0.06563003773863361,
          "z_top": 0.7825619450302481,
          "z_bot": 0.6174380549697518,
          "vertices": [
            {
              "k": 0,
              "x": 0.7856329094893592,
              "y": 0.051635275034334814,
              "z_top": 0.7825619450302481,
              "z_bot": 0.6174380549697518
            },
            {
              "k": 1,
              "x": 0.3480989948335493,
              "y": 0.706195695184033,
              "z_top": 0.7825619450302481,
              "z_bot": 0.6174380549697518
            },
            {
              "k": 2,
              "x": -0.43753391465580976,
              "y": 0.6545604201496983,
              "z_top": 0.7825619450302481,
              "z_bot": 0.6174380549697518
            },
            {
              "k": 3,
              "x": -0.7856329094893592,
              "y": -0.051635275034334724,
              "z_top": 0.7825619450302481,
              "z_bot": 0.6174380549697518
            },
            {
              "k": 4,
              "x": -0.3480989948335499,
              "y": -0.7061956951840327,
              "z_top": 0.7825619450302481,
              "z_bot": 0.6174380549697518
            },
            {
              "k": 5,
              "x": 0.43753391465580915,
              "y": -0.6545604201496987,
              "z_top": 0.7825619450302481,
              "z_bot": 0.6174380549697518
            }
          ]
        }
      },
      {
        "geom_path": "/home/acead/Quantum-APL/logs/helix-sweep-20251209_051231/zwalk_z0p70.geom.json",
        "z": 0.7,
        "geometry": {
          "z": 0.7,
          "z_c": 0.8660254037844386,
          "sigma": 0.12,
          "delta_s_neg": 0.25068827811386823,
          "R": 0.7873279304715329,
          "H": 0.16512389006049627,
          "phi": 0.06563003773863361,
          "z_top": 0.7825619450302481,
          "z_bot": 0.6174380549697518,
          "vertices": [
            {
              "k": 0,
              "x": 0.7856329094893592,
              "y": 0.051635275034334814,
              "z_top": 0.7825619450302481,
              "z_bot": 0.6174380549697518
            },
            {
              "k": 1,
              "x": 0.3480989948335493,
              "y": 0.706195695184033,
              "z_top": 0.7825619450302481,
              "z_bot": 0.6174380549697518
            },
            {
              "k": 2,
              "x": -0.43753391465580976,
              "y": 0.6545604201496983,
              "z_top": 0.7825619450302481,
              "z_bot": 0.6174380549697518
            },
            {
              "k": 3,
              "x": -0.7856329094893592,
              "y": -0.051635275034334724,
              "z_top": 0.7825619450302481,
              "z_bot": 0.6174380549697518
            },
            {
              "k": 4,
              "x": -0.3480989948335499,
              "y": -0.7061956951840327,
              "z_top": 0.7825619450302481,
              "z_bot": 0.6174380549697518
            },
            {
              "k": 5,
              "x": 0.43753391465580915,
              "y": -0.6545604201496987,
              "z_top": 0.7825619450302481,
              "z_bot": 0.6174380549697518
            }
          ]
        }
      },
      {
        "geom_path": "/home/acead/Quantum-APL/logs/helix-sweep-20251209_051231/zwalk_z0p73.geom.json",
        "z": 0.7,
        "geometry": {
          "z": 0.7,
          "z_c": 0.8660254037844386,
          "sigma": 0.12,
          "delta_s_neg": 0.25068827811386823,
          "R": 0.7873279304715329,
          "H": 0.16512389006049627,
          "phi": 0.06563003773863361,
          "z_top": 0.7825619450302481,
          "z_bot": 0.6174380549697518,
          "vertices": [
            {
              "k": 0,
              "x": 0.7856329094893592,
              "y": 0.051635275034334814,
              "z_top": 0.7825619450302481,
              "z_bot": 0.6174380549697518
            },
            {
              "k": 1,
              "x": 0.3480989948335493,
              "y": 0.706195695184033,
              "z_top": 0.7825619450302481,
              "z_bot": 0.6174380549697518
            },
            {
              "k": 2,
              "x": -0.43753391465580976,
              "y": 0.6545604201496983,
              "z_top": 0.7825619450302481,
              "z_bot": 0.6174380549697518
            },
            {
              "k": 3,
              "x": -0.7856329094893592,
              "y": -0.051635275034334724,
              "z_top": 0.7825619450302481,
              "z_bot": 0.6174380549697518
            },
            {
              "k": 4,
              "x": -0.3480989948335499,
              "y": -0.7061956951840327,
              "z_top": 0.7825619450302481,
              "z_bot": 0.6174380549697518
            },
            {
              "k": 5,
              "x": 0.43753391465580915,
              "y": -0.6545604201496987,
              "z_top": 0.7825619450302481,
              "z_bot": 0.6174380549697518
            }
          ]
        }
      },
      {
        "geom_path": "/home/acead/Quantum-APL/logs/helix-sweep-20251209_051231/zwalk_z0p80.geom.json",
        "z": 0.7,
        "geometry": {
          "z": 0.7,
          "z_c": 0.8660254037844386,
          "sigma": 0.12,
          "delta_s_neg": 0.25068827811386823,
          "R": 0.7873279304715329,
          "H": 0.16512389006049627,
          "phi": 0.06563003773863361,
          "z_top": 0.7825619450302481,
          "z_bot": 0.6174380549697518,
          "vertices": [
            {
              "k": 0,
              "x": 0.7856329094893592,
              "y": 0.051635275034334814,
              "z_top": 0.7825619450302481,
              "z_bot": 0.6174380549697518
            },
            {
              "k": 1,
              "x": 0.3480989948335493,
              "y": 0.706195695184033,
              "z_top": 0.7825619450302481,
              "z_bot": 0.6174380549697518
            },
            {
              "k": 2,
              "x": -0.43753391465580976,
              "y": 0.6545604201496983,
              "z_top": 0.7825619450302481,
              "z_bot": 0.6174380549697518
            },
            {
              "k": 3,
              "x": -0.7856329094893592,
              "y": -0.051635275034334724,
              "z_top": 0.7825619450302481,
              "z_bot": 0.6174380549697518
            },
            {
              "k": 4,
              "x": -0.3480989948335499,
              "y": -0.7061956951840327,
              "z_top": 0.7825619450302481,
              "z_bot": 0.6174380549697518
            },
            {
              "k": 5,
              "x": 0.43753391465580915,
              "y": -0.6545604201496987,
              "z_top": 0.7825619450302481,
              "z_bot": 0.6174380549697518
            }
          ]
        }
      }
    ],
    "z0p73": [
      {
        "geom_path": "/home/acead/Quantum-APL/logs/helix-sweep-20251209_051231/zwalk_z0p41.geom.json",
        "z": 0.73,
        "geometry": {
          "z": 0.73,
          "z_c": 0.8660254037844386,
          "sigma": 0.12,
          "delta_s_neg": 0.3218901207638921,
          "R": 0.769527469809027,
          "H": 0.17794022173750057,
          "phi": 0.08427063655458122,
          "z_top": 0.8189701108687503,
          "z_bot": 0.6410298891312497,
          "vertices": [
            {
              "k": 0,
              "x": 0.7667966713306706,
              "y": 0.06477184285541276,
              "z_top": 0.8189701108687503,
              "z_bot": 0.6410298891312497
            },
            {
              "k": 1,
              "x": 0.32730427430261433,
              "y": 0.6964513183374139,
              "z_top": 0.8189701108687503,
              "z_bot": 0.6410298891312497
            },
            {
              "k": 2,
              "x": -0.4394923970280562,
              "y": 0.6316794754820013,
              "z_top": 0.8189701108687503,
              "z_bot": 0.6410298891312497
            },
            {
              "k": 3,
              "x": -0.7667966713306708,
              "y": -0.06477184285541258,
              "z_top": 0.8189701108687503,
              "z_bot": 0.6410298891312497
            },
            {
              "k": 4,
              "x": -0.3273042743026144,
              "y": -0.6964513183374139,
              "z_top": 0.8189701108687503,
              "z_bot": 0.6410298891312497
            },
            {
              "k": 5,
              "x": 0.4394923970280561,
              "y": -0.6316794754820013,
              "z_top": 0.8189701108687503,
              "z_bot": 0.6410298891312497
            }
          ]
        }
      },
      {
        "geom_path": "/home/acead/Quantum-APL/logs/helix-sweep-20251209_051231/zwalk_z0p52.geom.json",
        "z": 0.73,
        "geometry": {
          "z": 0.73,
          "z_c": 0.8660254037844386,
          "sigma": 0.12,
          "delta_s_neg": 0.3218901207638921,
          "R": 0.769527469809027,
          "H": 0.17794022173750057,
          "phi": 0.08427063655458122,
          "z_top": 0.8189701108687503,
          "z_bot": 0.6410298891312497,
          "vertices": [
            {
              "k": 0,
              "x": 0.7667966713306706,
              "y": 0.06477184285541276,
              "z_top": 0.8189701108687503,
              "z_bot": 0.6410298891312497
            },
            {
              "k": 1,
              "x": 0.32730427430261433,
              "y": 0.6964513183374139,
              "z_top": 0.8189701108687503,
              "z_bot": 0.6410298891312497
            },
            {
              "k": 2,
              "x": -0.4394923970280562,
              "y": 0.6316794754820013,
              "z_top": 0.8189701108687503,
              "z_bot": 0.6410298891312497
            },
            {
              "k": 3,
              "x": -0.7667966713306708,
              "y": -0.06477184285541258,
              "z_top": 0.8189701108687503,
              "z_bot": 0.6410298891312497
            },
            {
              "k": 4,
              "x": -0.3273042743026144,
              "y": -0.6964513183374139,
              "z_top": 0.8189701108687503,
              "z_bot": 0.6410298891312497
            },
            {
              "k": 5,
              "x": 0.4394923970280561,
              "y": -0.6316794754820013,
              "z_top": 0.8189701108687503,
              "z_bot": 0.6410298891312497
            }
          ]
        }
      },
      {
        "geom_path": "/home/acead/Quantum-APL/logs/helix-sweep-20251209_051231/zwalk_z0p70.geom.json",
        "z": 0.73,
        "geometry": {
          "z": 0.73,
          "z_c": 0.8660254037844386,
          "sigma": 0.12,
          "delta_s_neg": 0.3218901207638921,
          "R": 0.769527469809027,
          "H": 0.17794022173750057,
          "phi": 0.08427063655458122,
          "z_top": 0.8189701108687503,
          "z_bot": 0.6410298891312497,
          "vertices": [
            {
              "k": 0,
              "x": 0.7667966713306706,
              "y": 0.06477184285541276,
              "z_top": 0.8189701108687503,
              "z_bot": 0.6410298891312497
            },
            {
              "k": 1,
              "x": 0.32730427430261433,
              "y": 0.6964513183374139,
              "z_top": 0.8189701108687503,
              "z_bot": 0.6410298891312497
            },
            {
              "k": 2,
              "x": -0.4394923970280562,
              "y": 0.6316794754820013,
              "z_top": 0.8189701108687503,
              "z_bot": 0.6410298891312497
            },
            {
              "k": 3,
              "x": -0.7667966713306708,
              "y": -0.06477184285541258,
              "z_top": 0.8189701108687503,
              "z_bot": 0.6410298891312497
            },
            {
              "k": 4,
              "x": -0.3273042743026144,
              "y": -0.6964513183374139,
              "z_top": 0.8189701108687503,
              "z_bot": 0.6410298891312497
            },
            {
              "k": 5,
              "x": 0.4394923970280561,
              "y": -0.6316794754820013,
              "z_top": 0.8189701108687503,
              "z_bot": 0.6410298891312497
            }
          ]
        }
      },
      {
        "geom_path": "/home/acead/Quantum-APL/logs/helix-sweep-20251209_051231/zwalk_z0p73.geom.json",
        "z": 0.73,
        "geometry": {
          "z": 0.73,
          "z_c": 0.8660254037844386,
          "sigma": 0.12,
          "delta_s_neg": 0.3218901207638921,
          "R": 0.769527469809027,
          "H": 0.17794022173750057,
          "phi": 0.08427063655458122,
          "z_top": 0.8189701108687503,
          "z_bot": 0.6410298891312497,
          "vertices": [
            {
              "k": 0,
              "x": 0.7667966713306706,
              "y": 0.06477184285541276,
              "z_top": 0.8189701108687503,
              "z_bot": 0.6410298891312497
            },
            {
              "k": 1,
              "x": 0.32730427430261433,
              "y": 0.6964513183374139,
              "z_top": 0.8189701108687503,
              "z_bot": 0.6410298891312497
            },
            {
              "k": 2,
              "x": -0.4394923970280562,
              "y": 0.6316794754820013,
              "z_top": 0.8189701108687503,
              "z_bot": 0.6410298891312497
            },
            {
              "k": 3,
              "x": -0.7667966713306708,
              "y": -0.06477184285541258,
              "z_top": 0.8189701108687503,
              "z_bot": 0.6410298891312497
            },
            {
              "k": 4,
              "x": -0.3273042743026144,
              "y": -0.6964513183374139,
              "z_top": 0.8189701108687503,
              "z_bot": 0.6410298891312497
            },
            {
              "k": 5,
              "x": 0.4394923970280561,
              "y": -0.6316794754820013,
              "z_top": 0.8189701108687503,
              "z_bot": 0.6410298891312497
            }
          ]
        }
      },
      {
        "geom_path": "/home/acead/Quantum-APL/logs/helix-sweep-20251209_051231/zwalk_z0p80.geom.json",
        "z": 0.73,
        "geometry": {
          "z": 0.73,
          "z_c": 0.8660254037844386,
          "sigma": 0.12,
          "delta_s_neg": 0.3218901207638921,
          "R": 0.769527469809027,
          "H": 0.17794022173750057,
          "phi": 0.08427063655458122,
          "z_top": 0.8189701108687503,
          "z_bot": 0.6410298891312497,
          "vertices": [
            {
              "k": 0,
              "x": 0.7667966713306706,
              "y": 0.06477184285541276,
              "z_top": 0.8189701108687503,
              "z_bot": 0.6410298891312497
            },
            {
              "k": 1,
              "x": 0.32730427430261433,
              "y": 0.6964513183374139,
              "z_top": 0.8189701108687503,
              "z_bot": 0.6410298891312497
            },
            {
              "k": 2,
              "x": -0.4394923970280562,
              "y": 0.6316794754820013,
              "z_top": 0.8189701108687503,
              "z_bot": 0.6410298891312497
            },
            {
              "k": 3,
              "x": -0.7667966713306708,
              "y": -0.06477184285541258,
              "z_top": 0.8189701108687503,
              "z_bot": 0.6410298891312497
            },
            {
              "k": 4,
              "x": -0.3273042743026144,
              "y": -0.6964513183374139,
              "z_top": 0.8189701108687503,
              "z_bot": 0.6410298891312497
            },
            {
              "k": 5,
              "x": 0.4394923970280561,
              "y": -0.6316794754820013,
              "z_top": 0.8189701108687503,
              "z_bot": 0.6410298891312497
            }
          ]
        }
      }
    ],
    "z0p80": [
      {
        "geom_path": "/home/acead/Quantum-APL/logs/helix-sweep-20251209_051231/zwalk_z0p41.geom.json",
        "z": 0.8,
        "geometry": {
          "z": 0.8,
          "z_c": 0.8660254037844386,
          "sigma": 0.12,
          "delta_s_neg": 0.5768276840694466,
          "R": 0.7057930789826383,
          "H": 0.22382898313250038,
          "phi": 0.1510131345549823,
          "z_top": 0.9119144915662503,
          "z_bot": 0.6880855084337498,
          "vertices": [
            {
              "k": 0,
              "x": 0.6977605676308332,
              "y": 0.10617937935065434,
              "z_top": 0.9119144915662503,
              "z_bot": 0.6880855084337498
            },
            {
              "k": 1,
              "x": 0.2569262439396851,
              "y": 0.6573680670026786,
              "z_top": 0.9119144915662503,
              "z_bot": 0.6880855084337498
            },
            {
              "k": 2,
              "x": -0.44083432369114794,
              "y": 0.5511886876520244,
              "z_top": 0.9119144915662503,
              "z_bot": 0.6880855084337498
            },
            {
              "k": 3,
              "x": -0.6977605676308333,
              "y": -0.10617937935065412,
              "z_top": 0.9119144915662503,
              "z_bot": 0.6880855084337498
            },
            {
              "k": 4,
              "x": -0.25692624393968555,
              "y": -0.6573680670026785,
              "z_top": 0.9119144915662503,
              "z_bot": 0.6880855084337498
            },
            {
              "k": 5,
              "x": 0.4408343236911476,
              "y": -0.5511886876520247,
              "z_top": 0.9119144915662503,
              "z_bot": 0.6880855084337498
            }
          ]
        }
      },
      {
        "geom_path": "/home/acead/Quantum-APL/logs/helix-sweep-20251209_051231/zwalk_z0p52.geom.json",
        "z": 0.8,
        "geometry": {
          "z": 0.8,
          "z_c": 0.8660254037844386,
          "sigma": 0.12,
          "delta_s_neg": 0.5768276840694466,
          "R": 0.7057930789826383,
          "H": 0.22382898313250038,
          "phi": 0.1510131345549823,
          "z_top": 0.9119144915662503,
          "z_bot": 0.6880855084337498,
          "vertices": [
            {
              "k": 0,
              "x": 0.6977605676308332,
              "y": 0.10617937935065434,
              "z_top": 0.9119144915662503,
              "z_bot": 0.6880855084337498
            },
            {
              "k": 1,
              "x": 0.2569262439396851,
              "y": 0.6573680670026786,
              "z_top": 0.9119144915662503,
              "z_bot": 0.6880855084337498
            },
            {
              "k": 2,
              "x": -0.44083432369114794,
              "y": 0.5511886876520244,
              "z_top": 0.9119144915662503,
              "z_bot": 0.6880855084337498
            },
            {
              "k": 3,
              "x": -0.6977605676308333,
              "y": -0.10617937935065412,
              "z_top": 0.9119144915662503,
              "z_bot": 0.6880855084337498
            },
            {
              "k": 4,
              "x": -0.25692624393968555,
              "y": -0.6573680670026785,
              "z_top": 0.9119144915662503,
              "z_bot": 0.6880855084337498
            },
            {
              "k": 5,
              "x": 0.4408343236911476,
              "y": -0.5511886876520247,
              "z_top": 0.9119144915662503,
              "z_bot": 0.6880855084337498
            }
          ]
        }
      },
      {
        "geom_path": "/home/acead/Quantum-APL/logs/helix-sweep-20251209_051231/zwalk_z0p70.geom.json",
        "z": 0.8,
        "geometry": {
          "z": 0.8,
          "z_c": 0.8660254037844386,
          "sigma": 0.12,
          "delta_s_neg": 0.5768276840694466,
          "R": 0.7057930789826383,
          "H": 0.22382898313250038,
          "phi": 0.1510131345549823,
          "z_top": 0.9119144915662503,
          "z_bot": 0.6880855084337498,
          "vertices": [
            {
              "k": 0,
              "x": 0.6977605676308332,
              "y": 0.10617937935065434,
              "z_top": 0.9119144915662503,
              "z_bot": 0.6880855084337498
            },
            {
              "k": 1,
              "x": 0.2569262439396851,
              "y": 0.6573680670026786,
              "z_top": 0.9119144915662503,
              "z_bot": 0.6880855084337498
            },
            {
              "k": 2,
              "x": -0.44083432369114794,
              "y": 0.5511886876520244,
              "z_top": 0.9119144915662503,
              "z_bot": 0.6880855084337498
            },
            {
              "k": 3,
              "x": -0.6977605676308333,
              "y": -0.10617937935065412,
              "z_top": 0.9119144915662503,
              "z_bot": 0.6880855084337498
            },
            {
              "k": 4,
              "x": -0.25692624393968555,
              "y": -0.6573680670026785,
              "z_top": 0.9119144915662503,
              "z_bot": 0.6880855084337498
            },
            {
              "k": 5,
              "x": 0.4408343236911476,
              "y": -0.5511886876520247,
              "z_top": 0.9119144915662503,
              "z_bot": 0.6880855084337498
            }
          ]
        }
      },
      {
        "geom_path": "/home/acead/Quantum-APL/logs/helix-sweep-20251209_051231/zwalk_z0p73.geom.json",
        "z": 0.8,
        "geometry": {
          "z": 0.8,
          "z_c": 0.8660254037844386,
          "sigma": 0.12,
          "delta_s_neg": 0.5768276840694466,
          "R": 0.7057930789826383,
          "H": 0.22382898313250038,
          "phi": 0.1510131345549823,
          "z_top": 0.9119144915662503,
          "z_bot": 0.6880855084337498,
          "vertices": [
            {
              "k": 0,
              "x": 0.6977605676308332,
              "y": 0.10617937935065434,
              "z_top": 0.9119144915662503,
              "z_bot": 0.6880855084337498
            },
            {
              "k": 1,
              "x": 0.2569262439396851,
              "y": 0.6573680670026786,
              "z_top": 0.9119144915662503,
              "z_bot": 0.6880855084337498
            },
            {
              "k": 2,
              "x": -0.44083432369114794,
              "y": 0.5511886876520244,
              "z_top": 0.9119144915662503,
              "z_bot": 0.6880855084337498
            },
            {
              "k": 3,
              "x": -0.6977605676308333,
              "y": -0.10617937935065412,
              "z_top": 0.9119144915662503,
              "z_bot": 0.6880855084337498
            },
            {
              "k": 4,
              "x": -0.25692624393968555,
              "y": -0.6573680670026785,
              "z_top": 0.9119144915662503,
              "z_bot": 0.6880855084337498
            },
            {
              "k": 5,
              "x": 0.4408343236911476,
              "y": -0.5511886876520247,
              "z_top": 0.9119144915662503,
              "z_bot": 0.6880855084337498
            }
          ]
        }
      },
      {
        "geom_path": "/home/acead/Quantum-APL/logs/helix-sweep-20251209_051231/zwalk_z0p80.geom.json",
        "z": 0.8,
        "geometry": {
          "z": 0.8,
          "z_c": 0.8660254037844386,
          "sigma": 0.12,
          "delta_s_neg": 0.5768276840694466,
          "R": 0.7057930789826383,
          "H": 0.22382898313250038,
          "phi": 0.1510131345549823,
          "z_top": 0.9119144915662503,
          "z_bot": 0.6880855084337498,
          "vertices": [
            {
              "k": 0,
              "x": 0.6977605676308332,
              "y": 0.10617937935065434,
              "z_top": 0.9119144915662503,
              "z_bot": 0.6880855084337498
            },
            {
              "k": 1,
              "x": 0.2569262439396851,
              "y": 0.6573680670026786,
              "z_top": 0.9119144915662503,
              "z_bot": 0.6880855084337498
            },
            {
              "k": 2,
              "x": -0.44083432369114794,
              "y": 0.5511886876520244,
              "z_top": 0.9119144915662503,
              "z_bot": 0.6880855084337498
            },
            {
              "k": 3,
              "x": -0.6977605676308333,
              "y": -0.10617937935065412,
              "z_top": 0.9119144915662503,
              "z_bot": 0.6880855084337498
            },
            {
              "k": 4,
              "x": -0.25692624393968555,
              "y": -0.6573680670026785,
              "z_top": 0.9119144915662503,
              "z_bot": 0.6880855084337498
            },
            {
              "k": 5,
              "x": 0.4408343236911476,
              "y": -0.5511886876520247,
              "z_top": 0.9119144915662503,
              "z_bot": 0.6880855084337498
            }
          ]
        }
      }
    ]
  }
}