{
  "started_at": "2025-12-14T03:29:35.201634+00:00",
  "completed_at": "2025-12-14T03:29:35.207474+00:00",
  "duration_seconds": 0.005843162536621094,
  "modules_total": 19,
  "modules_passed": 19,
  "modules_failed": 0,
  "modules_skipped": 0,
  "total_steps": 1900,
  "total_k_formations": 1561,
  "max_negentropy": 0.9999999560428716,
  "final_z": 0.864993327027479,
  "final_kappa": 0.6178232510966036,
  "physics_valid": true,
  "module_results": [
    {
      "name": "n0_silent_laws_enforcement",
      "class_name": "N0SilentLawsEnforcer",
      "status": "PASS",
      "steps_run": 100,
      "duration_seconds": 0.0002491474151611328,
      "final_z": 0.864237921387647,
      "final_kappa": 0.6181479293315902,
      "k_formations": 61,
      "max_negentropy": 0.9999870038008075,
      "error": null,
      "metrics": {}
    },
    {
      "name": "kuramoto_layer",
      "class_name": "KuramotoLayer",
      "status": "PASS",
      "steps_run": 100,
      "duration_seconds": 0.0002560615539550781,
      "final_z": 0.8636689415549185,
      "final_kappa": 0.6182248981094239,
      "k_formations": 87,
      "max_negentropy": 0.9999999380718761,
      "error": null,
      "metrics": {}
    },
    {
      "name": "physical_learner",
      "class_name": "PhysicalLearner",
      "status": "PASS",
      "steps_run": 100,
      "duration_seconds": 0.00023174285888671875,
      "final_z": 0.8677095886330191,
      "final_kappa": 0.6180613667844362,
      "k_formations": 86,
      "max_negentropy": 0.9999942742426857,
      "error": null,
      "metrics": {}
    },
    {
      "name": "apl_training_loop",
      "class_name": "APLTrainingLoop",
      "status": "PASS",
      "steps_run": 100,
      "duration_seconds": 0.00021219253540039062,
      "final_z": 0.8530048099715848,
      "final_kappa": 0.6181536023914105,
      "k_formations": 84,
      "max_negentropy": 0.9999998187933624,
      "error": null,
      "metrics": {}
    },
    {
      "name": "apl_pytorch_training",
      "class_name": "APLPyTorchTraining",
      "status": "PASS",
      "steps_run": 100,
      "duration_seconds": 0.00026917457580566406,
      "final_z": 0.8693491046037822,
      "final_kappa": 0.6180938750945479,
      "k_formations": 92,
      "max_negentropy": 0.9999779459958622,
      "error": null,
      "metrics": {}
    },
    {
      "name": "full_apl_training",
      "class_name": "FullAPLTraining",
      "status": "PASS",
      "steps_run": 100,
      "duration_seconds": 0.0002167224884033203,
      "final_z": 0.8398862294288707,
      "final_kappa": 0.6183656578750631,
      "k_formations": 77,
      "max_negentropy": 0.9999983688803544,
      "error": null,
      "metrics": {}
    },
    {
      "name": "helix_nn",
      "class_name": "HelixNN",
      "status": "PASS",
      "steps_run": 100,
      "duration_seconds": 0.00022411346435546875,
      "final_z": 0.8869432411711998,
      "final_kappa": 0.6182753818015639,
      "k_formations": 83,
      "max_negentropy": 0.9999984223923736,
      "error": null,
      "metrics": {}
    },
    {
      "name": "prismatic_helix_training",
      "class_name": "PrismaticHelixTraining",
      "status": "PASS",
      "steps_run": 100,
      "duration_seconds": 0.0002300739288330078,
      "final_z": 0.8720777502968878,
      "final_kappa": 0.6174208957057666,
      "k_formations": 82,
      "max_negentropy": 0.999998979861035,
      "error": null,
      "metrics": {}
    },
    {
      "name": "full_helix_integration",
      "class_name": "FullHelixIntegration",
      "status": "PASS",
      "steps_run": 100,
      "duration_seconds": 0.00023055076599121094,
      "final_z": 0.8436338861631942,
      "final_kappa": 0.6179656756564937,
      "k_formations": 82,
      "max_negentropy": 0.9999991828249559,
      "error": null,
      "metrics": {}
    },
    {
      "name": "wumbo_apl_automated_training",
      "class_name": "WUMBOAPLTrainingEngine",
      "status": "PASS",
      "steps_run": 100,
      "duration_seconds": 0.00021600723266601562,
      "final_z": 0.8791790721159255,
      "final_kappa": 0.6180186100341024,
      "k_formations": 80,
      "max_negentropy": 0.9999996138574321,
      "error": null,
      "metrics": {}
    },
    {
      "name": "wumbo_integrated_training",
      "class_name": "WumboIntegratedTraining",
      "status": "PASS",
      "steps_run": 100,
      "duration_seconds": 0.00022530555725097656,
      "final_z": 0.8770858546732837,
      "final_kappa": 0.6181432968771271,
      "k_formations": 90,
      "max_negentropy": 0.9999993287859851,
      "error": null,
      "metrics": {}
    },
    {
      "name": "quasicrystal_formation_dynamics",
      "class_name": "QuasiCrystalFormation",
      "status": "PASS",
      "steps_run": 100,
      "duration_seconds": 0.0002288818359375,
      "final_z": 0.8647493706137916,
      "final_kappa": 0.6183893631099844,
      "k_formations": 84,
      "max_negentropy": 0.9999998348907196,
      "error": null,
      "metrics": {}
    },
    {
      "name": "triad_threshold_dynamics",
      "class_name": "TriadThresholdDynamics",
      "status": "PASS",
      "steps_run": 100,
      "duration_seconds": 0.0002644062042236328,
      "final_z": 0.8627214056357141,
      "final_kappa": 0.6181907397925974,
      "k_formations": 77,
      "max_negentropy": 0.999998594976917,
      "error": null,
      "metrics": {}
    },
    {
      "name": "liminal_generator",
      "class_name": "LiminalGenerator",
      "status": "PASS",
      "steps_run": 100,
      "duration_seconds": 0.0003254413604736328,
      "final_z": 0.8686566437628621,
      "final_kappa": 0.617937525006967,
      "k_formations": 81,
      "max_negentropy": 0.9999999560428716,
      "error": null,
      "metrics": {}
    },
    {
      "name": "feedback_loop",
      "class_name": "FeedbackLoop",
      "status": "PASS",
      "steps_run": 100,
      "duration_seconds": 0.0002696514129638672,
      "final_z": 0.8552124202004924,
      "final_kappa": 0.6178274635550268,
      "k_formations": 92,
      "max_negentropy": 0.9999969843792661,
      "error": null,
      "metrics": {}
    },
    {
      "name": "unified_helix_training",
      "class_name": "UnifiedHelixTraining",
      "status": "PASS",
      "steps_run": 100,
      "duration_seconds": 0.0003521442413330078,
      "final_z": 0.8720431845193751,
      "final_kappa": 0.6178891519059283,
      "k_formations": 83,
      "max_negentropy": 0.9999996710660991,
      "error": null,
      "metrics": {}
    },
    {
      "name": "hierarchical_training",
      "class_name": "HierarchicalTraining",
      "status": "PASS",
      "steps_run": 100,
      "duration_seconds": 0.0002472400665283203,
      "final_z": 0.8670623873208423,
      "final_kappa": 0.618156525645221,
      "k_formations": 71,
      "max_negentropy": 0.9999989493860444,
      "error": null,
      "metrics": {}
    },
    {
      "name": "rosetta_helix_training",
      "class_name": "RosettaHelixTraining",
      "status": "PASS",
      "steps_run": 100,
      "duration_seconds": 0.00024056434631347656,
      "final_z": 0.8714868273192166,
      "final_kappa": 0.6174199239519484,
      "k_formations": 89,
      "max_negentropy": 0.9999995357831565,
      "error": null,
      "metrics": {}
    },
    {
      "name": "nightly_integrated_training",
      "class_name": "NightlyIntegratedTraining",
      "status": "PASS",
      "steps_run": 100,
      "duration_seconds": 0.00021386146545410156,
      "final_z": 0.864993327027479,
      "final_kappa": 0.6178232510966036,
      "k_formations": 80,
      "max_negentropy": 0.999999763129714,
      "error": null,
      "metrics": {}
    }
  ]
}