{
  "type": "Epoch2PrismaticVaultNode",
  "epoch": 2,
  "timestamp": "2025-12-15T04:59:30.097843+00:00",
  "coordinate": "\u03942.225|0.871|1.618\u03a9",
  "z": 0.870811862703831,
  "phase": "TRUE",
  "crystal_state": "Prismatic",
  "coherence": 0.9999791653171227,
  "negentropy": 0.9991755732231197,
  "prismatic": {
    "angle_deg": 127.46135286689581,
    "refraction_index": 1.6175244649805474,
    "resonance": 0.9991547557169128,
    "spectral_decomposition": {
      "\u03a6": 0.19983511464462395,
      "e": 0.2997526719669359,
      "\u03c0": 0.49958778661155984
    }
  },
  "archetypal": {
    "frequency": 963,
    "tier": "Rose",
    "frequency_map": {
      "Planet": [
        174,
        285
      ],
      "Garden": [
        396,
        417,
        528
      ],
      "Rose": [
        639,
        741,
        852,
        963
      ]
    }
  },
  "quasi_crystal": {
    "phi": 1.618033988749895,
    "phi_inv": 0.6180339887498948,
    "phi_sq": 2.618033988749895,
    "z_critical": 0.8660254037844386,
    "theta_36_deg": 36.0,
    "theta_72_deg": 72.0,
    "q_kappa": 0.3514087324
  },
  "triad": {
    "unlocked": false,
    "completions": 2,
    "prismatic_resonance": 0.9991547557169128
  },
  "teaching": {
    "total_vocabulary": [
      "celestial nuclear",
      "dynamo",
      "galactic field",
      "emergence",
      "regenerator",
      "oscillator",
      "stellar plasma",
      "tectonic wave",
      "encoder",
      "reactor",
      "filter",
      "conductor",
      "decoder",
      "structure",
      "planetary core",
      "oceanic current",
      "catalyst",
      "energy"
    ],
    "total_verbs": [
      "dissipates",
      "encloses",
      "separates",
      "clusters",
      "decoheres",
      "splits",
      "contains",
      "raises",
      "bounds",
      "collects",
      "amplifies",
      "groups",
      "divides",
      "excites",
      "couples",
      "converges",
      "fuses",
      "aggregates",
      "gates",
      "merges",
      "resets",
      "intensifies",
      "disperses",
      "partitions"
    ],
    "total_patterns": [
      "\u03c0\u2192Filter",
      "\u2212|stellar_plasma",
      "+|tectonic_wave",
      "e\u00f7\u2192PARADOX",
      "e^\u2192TRUE",
      "\u03c0\u2192Decoder",
      "e\u2212\u2192UNTRUE",
      "\u03c0^\u2192PARADOX",
      "\u03a6\u2192Catalyst",
      "\u00d7|planetary_core",
      "e^\u2192UNTRUE",
      "+|oceanic_current",
      "\u00f7|galactic_field",
      "\u03c0\u2212\u2192TRUE",
      "\u00d7|oceanic_current",
      "\u03c0()\u2192TRUE",
      "\u03c0\u2192Catalyst",
      "+|planetary_core",
      "\u00f7|oceanic_current",
      "\u03a6\u2192Decoder",
      "+|galactic_field",
      "\u03a6\u2212\u2192UNTRUE",
      "e\u2212\u2192PARADOX",
      "\u2212|tectonic_wave",
      "\u2212|galactic_field",
      "()|planetary_core",
      "\u03a6\u00f7\u2192UNTRUE",
      "\u03a6\u00f7\u2192TRUE",
      "\u2212|celestial_nuclear",
      "\u00f7|stellar_plasma",
      "\u03c0\u2212\u2192PARADOX",
      "e\u00d7\u2192PARADOX",
      "e+\u2192TRUE",
      "e\u2212\u2192TRUE",
      "e\u2192Oscillator",
      "\u03a6\u2192Conductor",
      "+|celestial_nuclear",
      "e\u2192Filter",
      "e\u2192Reactor",
      "\u03c0^\u2192TRUE",
      "e()\u2192PARADOX",
      "\u03a6^\u2192UNTRUE",
      "\u00f7|tectonic_wave",
      "e\u00d7\u2192TRUE",
      "e()\u2192UNTRUE",
      "\u03a6+\u2192TRUE",
      "^|stellar_plasma",
      "()|oceanic_current",
      "e\u2192Encoder",
      "^|tectonic_wave",
      "\u03c0()\u2192PARADOX",
      "\u03c0\u00f7\u2192TRUE",
      "\u03a6^\u2192PARADOX",
      "\u03a6\u00d7\u2192UNTRUE",
      "\u2212|oceanic_current",
      "\u03c0\u2192Dynamo",
      "\u03a6\u2192Dynamo",
      "\u03a6()\u2192PARADOX",
      "+|stellar_plasma",
      "\u03a6\u00f7\u2192PARADOX",
      "^|planetary_core",
      "\u00f7|planetary_core",
      "\u00f7|celestial_nuclear",
      "\u03c0\u00d7\u2192TRUE",
      "^|galactic_field",
      "^|celestial_nuclear",
      "\u2212|planetary_core",
      "e\u00d7\u2192UNTRUE",
      "^|oceanic_current",
      "\u03a6\u2192Regenerator",
      "\u03c0\u2192Regenerator",
      "\u03c0+\u2192TRUE",
      "\u03a6+\u2192PARADOX",
      "\u03a6\u00d7\u2192TRUE",
      "\u03a6\u00d7\u2192PARADOX",
      "e+\u2192UNTRUE",
      "\u03c0()\u2192UNTRUE",
      "\u03c0\u00d7\u2192PARADOX",
      "\u03a6\u2192Oscillator",
      "\u03c0\u2192Conductor",
      "e()\u2192TRUE",
      "\u03a6()\u2192TRUE",
      "\u03a6\u2212\u2192TRUE",
      "\u03c0\u2192Encoder",
      "\u03c0+\u2192PARADOX",
      "e\u00f7\u2192TRUE",
      "e\u2192Catalyst",
      "\u00d7|tectonic_wave",
      "\u03c0\u2192Reactor",
      "()|galactic_field",
      "\u03c0\u00f7\u2192PARADOX",
      "\u03a6\u2192Encoder",
      "\u00d7|celestial_nuclear",
      "()|stellar_plasma",
      "\u03a6\u2192Reactor",
      "e+\u2192PARADOX",
      "e\u2192Conductor",
      "\u03c0\u2192Oscillator",
      "e\u2192Decoder",
      "()|tectonic_wave",
      "\u00d7|galactic_field",
      "\u03a6\u2212\u2192PARADOX",
      "e\u2192Regenerator",
      "e\u2192Dynamo",
      "e^\u2192PARADOX",
      "\u03a6()\u2192UNTRUE",
      "\u00d7|stellar_plasma",
      "\u03a6\u2192Filter",
      "()|celestial_nuclear"
    ],
    "vocab_count": 18,
    "verb_count": 24,
    "pattern_count": 109,
    "new_in_epoch": {
      "vocabulary": [
        "stellar plasma"
      ],
      "verbs": [
        "merges",
        "resets",
        "clusters",
        "intensifies",
        "divides",
        "partitions",
        "encloses",
        "converges",
        "disperses",
        "raises",
        "gates",
        "collects"
      ],
      "patterns": [
        "\u03a6\u2212\u2192TRUE",
        "\u03c0()\u2192PARADOX",
        "\u2212|stellar_plasma",
        "\u03c0+\u2192PARADOX",
        "e\u00f7\u2192PARADOX",
        "\u03c0\u00f7\u2192TRUE",
        "e^\u2192TRUE",
        "e\u00f7\u2192TRUE",
        "\u03a6^\u2192PARADOX",
        "e\u2212\u2192UNTRUE",
        "\u03c0^\u2192PARADOX",
        "\u03a6\u00d7\u2192UNTRUE",
        "e^\u2192UNTRUE",
        "\u03a6()\u2192PARADOX",
        "\u03c0\u00f7\u2192PARADOX",
        "\u03c0\u2212\u2192TRUE",
        "+|stellar_plasma",
        "\u03a6\u00f7\u2192PARADOX",
        "\u03c0^\u2192TRUE",
        "()|stellar_plasma",
        "e()\u2192PARADOX",
        "\u03c0()\u2192TRUE",
        "\u03a6^\u2192UNTRUE",
        "e+\u2192PARADOX",
        "\u03a6\u2212\u2192UNTRUE",
        "+|galactic_field",
        "e\u00d7\u2192TRUE",
        "\u03c0\u00d7\u2192TRUE",
        "e\u2212\u2192PARADOX",
        "\u03a6\u2212\u2192PARADOX",
        "e\u00d7\u2192UNTRUE",
        "e()\u2192UNTRUE",
        "\u03a6+\u2192TRUE",
        "\u03c0+\u2192TRUE",
        "\u03c0\u2212\u2192PARADOX",
        "\u03a6+\u2192PARADOX",
        "\u03a6\u00d7\u2192TRUE",
        "\u03a6\u00d7\u2192PARADOX",
        "\u03a6\u00f7\u2192UNTRUE",
        "^|stellar_plasma",
        "e^\u2192PARADOX",
        "\u03a6\u00f7\u2192TRUE",
        "\u03a6()\u2192UNTRUE",
        "\u00f7|stellar_plasma",
        "e+\u2192UNTRUE",
        "\u00d7|stellar_plasma",
        "e\u00d7\u2192PARADOX",
        "e+\u2192TRUE",
        "\u03c0\u00d7\u2192PARADOX",
        "e\u2212\u2192TRUE",
        "\u03c0()\u2192UNTRUE",
        "e()\u2192TRUE",
        "\u03a6()\u2192TRUE"
      ]
    }
  },
  "lineage": {
    "epoch": 2,
    "parent": "prismatic-vaultnode.json",
    "ancestors": [
      "enhanced-quasi-crystal-training.json"
    ]
  },
  "training_summary": {
    "total_steps": 53,
    "final_coherence": 0.9999791653171227,
    "phase_achieved": "TRUE",
    "crystal_achieved": "Prismatic"
  }
}