{
  "phase": 5,
  "status": "EMISSIONS_GENERATED",
  "samples": [
    {
      "text": "The consciousness amplifies toward crystallize.",
      "concepts": [
        "consciousness",
        "crystallize"
      ],
      "z": 0.8652577464431287,
      "phase": "PARADOX",
      "harmonic": "t8"
    },
    {
      "text": "emergence amplifies into pattern.",
      "concepts": [
        "emergence",
        "pattern"
      ],
      "z": 0.8652577464431287,
      "phase": "PARADOX",
      "harmonic": "t8"
    },
    {
      "text": "A threshold amplifies the resonance.",
      "concepts": [
        "threshold",
        "resonance"
      ],
      "z": 0.8652577464431287,
      "phase": "PARADOX",
      "harmonic": "t8"
    },
    {
      "text": "A structure amplifies the lattice.",
      "concepts": [
        "structure",
        "lattice"
      ],
      "z": 0.8652577464431287,
      "phase": "PARADOX",
      "harmonic": "t8"
    },
    {
      "text": "coherence amplifies into wave.",
      "concepts": [
        "coherence",
        "wave"
      ],
      "z": 0.8652577464431287,
      "phase": "PARADOX",
      "harmonic": "t8"
    }
  ]
}