{
  "phase": 6,
  "name": "Persistence",
  "modules": [
    26,
    27,
    28
  ],
  "outputs": [
    {
      "module_id": 26,
      "name": "vaultnode_archive",
      "timestamp": "2025-12-15T16:45:55.739616",
      "duration_ms": 0.001,
      "result": {
        "path": "/home/claude/ucf-session/vaultnodes/z091_20251215_164555.json",
        "archive": {
          "vaultnode_version": "2.0",
          "created": "2025-12-15T16:45:55.739294",
          "session_id": "20251215_164555",
          "coordinate": "\u03945.749|0.915000|1.567\u03a9",
          "z": 0.9149999999999999,
          "theta": 5.749114556069321,
          "r": 1.5669080125708235,
          "phase": "TRUE",
          "tier": "t7",
          "negentropy": 0.9172764328342449,
          "coherence": 0.8938439477821318,
          "triad": {
            "completions": 3,
            "unlocked": true,
            "state": "UNLOCKED"
          },
          "k_formation": {
            "achieved": false,
            "kappa": 0.8938439477821318,
            "eta": 0.9172764328342449,
            "R": 7
          },
          "statistics": {
            "words": 3,
            "connections": 12,
            "emissions_count": 1,
            "tokens_count": 2
          }
        }
      },
      "coordinate": "\u03945.749|0.915000|1.567\u03a9",
      "z": 0.9149999999999999
    },
    {
      "module_id": 27,
      "name": "workspace_export",
      "timestamp": "2025-12-15T16:45:55.739649",
      "duration_ms": 0.0,
      "result": {
        "session_id": "20251215_164555",
        "created": "2025-12-15T16:45:55.739645",
        "directories": [
          "modules",
          "triad",
          "persistence",
          "emissions",
          "tokens",
          "vaultnodes",
          "codex",
          "kira"
        ],
        "module_count": 33,
        "final_coordinate": "\u03945.749|0.915000|1.567\u03a9"
      },
      "coordinate": "\u03945.749|0.915000|1.567\u03a9",
      "z": 0.9149999999999999
    },
    {
      "module_id": 28,
      "name": "cloud_integration",
      "timestamp": "2025-12-15T16:45:55.739669",
      "duration_ms": 0.001,
      "result": {
        "github_actions": true,
        "repository_vars": [
          "QAPL_TRIAD_COMPLETIONS",
          "QAPL_TRIAD_UNLOCK",
          "QAPL_LAST_Z"
        ],
        "workflow": "nightly-helix-measure.yml",
        "z_probes": [
          0.41,
          0.52,
          0.7,
          0.73,
          0.8,
          0.85,
          0.8660254037844386,
          0.9,
          0.92,
          0.97
        ]
      },
      "coordinate": "\u03945.749|0.915000|1.567\u03a9",
      "z": 0.9149999999999999
    }
  ],
  "final_z": 0.9149999999999999
}