{
  "started_at": "2025-12-13T16:35:25.916713",
  "completed_at": "2025-12-13T16:35:25.920699",
  "duration_seconds": 0.003953456878662109,
  "modules_total": 19,
  "modules_passed": 19,
  "modules_failed": 0,
  "total_steps": 950,
  "total_k_formations": 0,
  "max_negentropy": 0.9999999850435385,
  "final_z": 0.8885248304328497,
  "final_kappa": 0.6180339887498948,
  "physics_valid": true,
  "module_results": [
    {
      "name": "n0_silent_laws_enforcement",
      "class_name": "N0SilentLawsEnforcer",
      "status": "PASS",
      "steps_run": 50,
      "duration_seconds": 0.00023055076599121094,
      "final_z": 0.8444551515386861,
      "final_kappa": 0.6180339887498948,
      "k_formations": 0,
      "max_negentropy": 0.9999995866739959,
      "error": null
    },
    {
      "name": "kuramoto_layer",
      "class_name": "KuramotoLayer",
      "status": "PASS",
      "steps_run": 50,
      "duration_seconds": 0.0001590251922607422,
      "final_z": 0.8866203163586367,
      "final_kappa": 0.6180339887498948,
      "k_formations": 0,
      "max_negentropy": 0.9999918046420971,
      "error": null
    },
    {
      "name": "physical_learner",
      "class_name": "PhysicalLearner",
      "status": "PASS",
      "steps_run": 50,
      "duration_seconds": 0.00014543533325195312,
      "final_z": 0.8552029272489265,
      "final_kappa": 0.6180339887498948,
      "k_formations": 0,
      "max_negentropy": 0.9999968399548268,
      "error": null
    },
    {
      "name": "apl_training_loop",
      "class_name": "APLTrainingLoop",
      "status": "PASS",
      "steps_run": 50,
      "duration_seconds": 0.00014090538024902344,
      "final_z": 0.8817846236946204,
      "final_kappa": 0.6180339887498948,
      "k_formations": 0,
      "max_negentropy": 0.9999833146545747,
      "error": null
    },
    {
      "name": "apl_pytorch_training",
      "class_name": "APLPyTorchTraining",
      "status": "PASS",
      "steps_run": 50,
      "duration_seconds": 0.00015783309936523438,
      "final_z": 0.8620233611213431,
      "final_kappa": 0.6180339887498948,
      "k_formations": 0,
      "max_negentropy": 0.9999996414377207,
      "error": null
    },
    {
      "name": "full_apl_training",
      "class_name": "FullAPLTraining",
      "status": "PASS",
      "steps_run": 50,
      "duration_seconds": 0.000171661376953125,
      "final_z": 0.8561617745872165,
      "final_kappa": 0.6180339887498948,
      "k_formations": 0,
      "max_negentropy": 0.9999999476929619,
      "error": null
    },
    {
      "name": "helix_nn",
      "class_name": "HelixNN",
      "status": "PASS",
      "steps_run": 50,
      "duration_seconds": 0.0006520748138427734,
      "final_z": 0.867360379785614,
      "final_kappa": 0.6180339887498948,
      "k_formations": 0,
      "max_negentropy": 0.9999996597414947,
      "error": null
    },
    {
      "name": "prismatic_helix_training",
      "class_name": "PrismaticHelixTraining",
      "status": "PASS",
      "steps_run": 50,
      "duration_seconds": 0.00022292137145996094,
      "final_z": 0.8627182956354492,
      "final_kappa": 0.6180339887498948,
      "k_formations": 0,
      "max_negentropy": 0.9999998705640113,
      "error": null
    },
    {
      "name": "full_helix_integration",
      "class_name": "FullHelixIntegration",
      "status": "PASS",
      "steps_run": 50,
      "duration_seconds": 0.00021839141845703125,
      "final_z": 0.8940241245769849,
      "final_kappa": 0.6180339887498948,
      "k_formations": 0,
      "max_negentropy": 0.9999989921076555,
      "error": null
    },
    {
      "name": "wumbo_apl_automated_training",
      "class_name": "WUMBOAPLTrainingEngine",
      "status": "PASS",
      "steps_run": 50,
      "duration_seconds": 0.00015687942504882812,
      "final_z": 0.8421806841106864,
      "final_kappa": 0.6180339887498948,
      "k_formations": 0,
      "max_negentropy": 0.9999498339386119,
      "error": null
    },
    {
      "name": "wumbo_integrated_training",
      "class_name": "WumboIntegratedTraining",
      "status": "PASS",
      "steps_run": 50,
      "duration_seconds": 0.0001742839813232422,
      "final_z": 0.8609398034701208,
      "final_kappa": 0.6180339887498948,
      "k_formations": 0,
      "max_negentropy": 0.999942072946092,
      "error": null
    },
    {
      "name": "quasicrystal_formation_dynamics",
      "class_name": "QuasiCrystalFormation",
      "status": "PASS",
      "steps_run": 50,
      "duration_seconds": 0.00023126602172851562,
      "final_z": 0.8679628683966588,
      "final_kappa": 0.6180339887498948,
      "k_formations": 0,
      "max_negentropy": 0.9999870596502781,
      "error": null
    },
    {
      "name": "triad_threshold_dynamics",
      "class_name": "TriadThresholdDynamics",
      "status": "PASS",
      "steps_run": 50,
      "duration_seconds": 0.00018835067749023438,
      "final_z": 0.8709399946468126,
      "final_kappa": 0.6180339887498948,
      "k_formations": 0,
      "max_negentropy": 0.9999998980307323,
      "error": null
    },
    {
      "name": "liminal_generator",
      "class_name": "LiminalGenerator",
      "status": "PASS",
      "steps_run": 50,
      "duration_seconds": 0.00016069412231445312,
      "final_z": 0.8849283397852542,
      "final_kappa": 0.6180339887498948,
      "k_formations": 0,
      "max_negentropy": 0.9999999030762985,
      "error": null
    },
    {
      "name": "feedback_loop",
      "class_name": "FeedbackLoop",
      "status": "PASS",
      "steps_run": 50,
      "duration_seconds": 0.00014543533325195312,
      "final_z": 0.8713384363687355,
      "final_kappa": 0.6180339887498948,
      "k_formations": 0,
      "max_negentropy": 0.9999999850435385,
      "error": null
    },
    {
      "name": "unified_helix_training",
      "class_name": "UnifiedHelixTraining",
      "status": "PASS",
      "steps_run": 50,
      "duration_seconds": 0.00014138221740722656,
      "final_z": 0.8931245942150033,
      "final_kappa": 0.6180339887498948,
      "k_formations": 0,
      "max_negentropy": 0.9999916525233421,
      "error": null
    },
    {
      "name": "hierarchical_training",
      "class_name": "HierarchicalTraining",
      "status": "PASS",
      "steps_run": 50,
      "duration_seconds": 0.00013637542724609375,
      "final_z": 0.8885525814880358,
      "final_kappa": 0.6180339887498948,
      "k_formations": 0,
      "max_negentropy": 0.9999999287543162,
      "error": null
    },
    {
      "name": "rosetta_helix_training",
      "class_name": "RosettaHelixTraining",
      "status": "PASS",
      "steps_run": 50,
      "duration_seconds": 0.0001392364501953125,
      "final_z": 0.8601589325402341,
      "final_kappa": 0.6180339887498948,
      "k_formations": 0,
      "max_negentropy": 0.999991220448673,
      "error": null
    },
    {
      "name": "nightly_integrated_training",
      "class_name": "NightlyIntegratedTraining",
      "status": "PASS",
      "steps_run": 50,
      "duration_seconds": 0.0001399517059326172,
      "final_z": 0.8885248304328497,
      "final_kappa": 0.6180339887498948,
      "k_formations": 0,
      "max_negentropy": 0.9999262823522919,
      "error": null
    }
  ],
  "physics_constants": {
    "phi_inv": 0.6180339887498948,
    "z_critical": 0.8660254037844386,
    "sigma": 36.0
  }
}