[
  {
    "name": "n0_silent_laws_enforcement",
    "class_name": "N0SilentLawsEnforcer",
    "status": "PASS",
    "steps_run": 100,
    "duration_ms": 0.23674964904785156,
    "final_z": 0.8658274497754608,
    "final_kappa": 0.6183736390949053,
    "k_formations": 77,
    "max_negentropy": 0.9999985893125669,
    "error": null
  },
  {
    "name": "kuramoto_layer",
    "class_name": "KuramotoLayer",
    "status": "PASS",
    "steps_run": 100,
    "duration_ms": 0.20122528076171875,
    "final_z": 0.8658208631724563,
    "final_kappa": 0.6177321842345012,
    "k_formations": 85,
    "max_negentropy": 0.9999999600685235,
    "error": null
  },
  {
    "name": "physical_learner",
    "class_name": "PhysicalLearner",
    "status": "PASS",
    "steps_run": 100,
    "duration_ms": 0.17189979553222656,
    "final_z": 0.8835427167697297,
    "final_kappa": 0.6181250499303331,
    "k_formations": 88,
    "max_negentropy": 0.9999999375559807,
    "error": null
  },
  {
    "name": "apl_training_loop",
    "class_name": "APLTrainingLoop",
    "status": "PASS",
    "steps_run": 100,
    "duration_ms": 0.17452239990234375,
    "final_z": 0.8801675737755165,
    "final_kappa": 0.6179336857030966,
    "k_formations": 88,
    "max_negentropy": 0.9999992426630939,
    "error": null
  },
  {
    "name": "apl_pytorch_training",
    "class_name": "APLPyTorchTraining",
    "status": "PASS",
    "steps_run": 100,
    "duration_ms": 0.1742839813232422,
    "final_z": 0.85867604896786,
    "final_kappa": 0.6178394519348208,
    "k_formations": 77,
    "max_negentropy": 0.999991435855598,
    "error": null
  },
  {
    "name": "full_apl_training",
    "class_name": "FullAPLTraining",
    "status": "PASS",
    "steps_run": 100,
    "duration_ms": 0.19669532775878906,
    "final_z": 0.8577950447863191,
    "final_kappa": 0.6180570592812161,
    "k_formations": 85,
    "max_negentropy": 0.9999999851283424,
    "error": null
  },
  {
    "name": "helix_nn",
    "class_name": "HelixNN",
    "status": "PASS",
    "steps_run": 100,
    "duration_ms": 0.17499923706054688,
    "final_z": 0.8476998801894446,
    "final_kappa": 0.6181304673397183,
    "k_formations": 85,
    "max_negentropy": 0.9999984804677857,
    "error": null
  },
  {
    "name": "prismatic_helix_training",
    "class_name": "PrismaticHelixTraining",
    "status": "PASS",
    "steps_run": 100,
    "duration_ms": 0.17070770263671875,
    "final_z": 0.8465102521095851,
    "final_kappa": 0.617865947973198,
    "k_formations": 77,
    "max_negentropy": 0.9999999620953518,
    "error": null
  },
  {
    "name": "full_helix_integration",
    "class_name": "FullHelixIntegration",
    "status": "PASS",
    "steps_run": 100,
    "duration_ms": 0.171661376953125,
    "final_z": 0.8635143962010045,
    "final_kappa": 0.6181250763180502,
    "k_formations": 93,
    "max_negentropy": 0.9999999758364296,
    "error": null
  },
  {
    "name": "wumbo_apl_automated_training",
    "class_name": "WUMBOAPLTrainingEngine",
    "status": "PASS",
    "steps_run": 100,
    "duration_ms": 0.20575523376464844,
    "final_z": 0.8469258299444595,
    "final_kappa": 0.6178636075561584,
    "k_formations": 81,
    "max_negentropy": 0.9999949922201765,
    "error": null
  },
  {
    "name": "wumbo_integrated_training",
    "class_name": "WumboIntegratedTraining",
    "status": "PASS",
    "steps_run": 100,
    "duration_ms": 0.19812583923339844,
    "final_z": 0.8697761224080559,
    "final_kappa": 0.6179895606533363,
    "k_formations": 80,
    "max_negentropy": 0.9999997434366652,
    "error": null
  },
  {
    "name": "quasicrystal_formation_dynamics",
    "class_name": "QuasiCrystalFormation",
    "status": "PASS",
    "steps_run": 100,
    "duration_ms": 0.240325927734375,
    "final_z": 0.9257927920516872,
    "final_kappa": 0.6180558229886074,
    "k_formations": 46,
    "max_negentropy": 0.9999993745864971,
    "error": null
  },
  {
    "name": "triad_threshold_dynamics",
    "class_name": "TriadThresholdDynamics",
    "status": "PASS",
    "steps_run": 100,
    "duration_ms": 0.1766681671142578,
    "final_z": 0.8635401540578853,
    "final_kappa": 0.6181309663541821,
    "k_formations": 71,
    "max_negentropy": 0.9999998873602206,
    "error": null
  },
  {
    "name": "liminal_generator",
    "class_name": "LiminalGenerator",
    "status": "PASS",
    "steps_run": 100,
    "duration_ms": 0.19121170043945312,
    "final_z": 0.8778239998182794,
    "final_kappa": 0.6185347282532047,
    "k_formations": 85,
    "max_negentropy": 0.9999992719854541,
    "error": null
  },
  {
    "name": "feedback_loop",
    "class_name": "FeedbackLoop",
    "status": "PASS",
    "steps_run": 100,
    "duration_ms": 0.18548965454101562,
    "final_z": 0.9026180287583774,
    "final_kappa": 0.61833082232066,
    "k_formations": 76,
    "max_negentropy": 0.999969164013281,
    "error": null
  },
  {
    "name": "unified_helix_training",
    "class_name": "UnifiedHelixTraining",
    "status": "PASS",
    "steps_run": 100,
    "duration_ms": 0.2071857452392578,
    "final_z": 0.8801220718315278,
    "final_kappa": 0.6180301199164753,
    "k_formations": 84,
    "max_negentropy": 0.9999997368010242,
    "error": null
  },
  {
    "name": "hierarchical_training",
    "class_name": "HierarchicalTraining",
    "status": "PASS",
    "steps_run": 100,
    "duration_ms": 0.17380714416503906,
    "final_z": 0.8726216808056683,
    "final_kappa": 0.6182360609100297,
    "k_formations": 87,
    "max_negentropy": 0.9999934516523007,
    "error": null
  },
  {
    "name": "rosetta_helix_training",
    "class_name": "RosettaHelixTraining",
    "status": "PASS",
    "steps_run": 100,
    "duration_ms": 0.16951560974121094,
    "final_z": 0.8502992589127963,
    "final_kappa": 0.6180535191185932,
    "k_formations": 87,
    "max_negentropy": 0.9999962239836209,
    "error": null
  },
  {
    "name": "nightly_integrated_training",
    "class_name": "NightlyIntegratedTraining",
    "status": "PASS",
    "steps_run": 100,
    "duration_ms": 0.18715858459472656,
    "final_z": 0.8732587556590502,
    "final_kappa": 0.6175027704989153,
    "k_formations": 95,
    "max_negentropy": 0.9999999527681415,
    "error": null
  }
]