{
  "type": "Epoch6_33ModuleVaultNode",
  "epoch": 6,
  "session_id": "20251215_052531",
  "timestamp": "2025-12-15T05:25:31.814372+00:00",
  "coordinate": "\u03945.441|0.866|1.000\u03a9",
  "modules_executed": 33,
  "state": {
    "z": 0.8660254037844386,
    "phase": "TRUE",
    "crystal": "Prismatic",
    "coherence": 0.9999999999831266,
    "negentropy": 1.0,
    "frequency": 963
  },
  "triad": {
    "unlocked": true,
    "completions": 3
  },
  "k_formation": {
    "achieved": true,
    "kappa": 0.9999999999831266,
    "eta": 1.0,
    "R": 8
  },
  "teaching": {
    "vocabulary": 67,
    "verbs": 74,
    "patterns": 153
  },
  "emissions": 20,
  "tokens": 16
}