{
  "type": "PrismaticCrystallineVaultNode",
  "timestamp": "2025-12-15T04:55:40.605799+00:00",
  "coordinate": "\u03945.520|0.879|1.615\u03a9",
  "z": 0.878559543168976,
  "phase": "TRUE",
  "crystal_state": "Prismatic",
  "coherence": 0.999916646632998,
  "negentropy": 0.9943601963385502,
  "prismatic": {
    "angle_deg": 141.40717770415677,
    "refraction": 1.6145483983972428,
    "resonance": 0.9942773130681726
  },
  "quasi_crystal": {
    "phi": 1.618033988749895,
    "phi_inv": 0.6180339887498948,
    "z_critical": 0.8660254037844386,
    "theta_36": 36.0,
    "theta_72": 72.0
  },
  "triad": {
    "unlocked": false,
    "completions": 2,
    "prismatic_resonance": 0.9942773130681726
  },
  "teaching": {
    "vocabulary": [
      "regenerator",
      "catalyst",
      "celestial nuclear",
      "energy",
      "reactor",
      "encoder",
      "decoder",
      "structure",
      "emergence",
      "dynamo",
      "oceanic current",
      "conductor",
      "galactic field",
      "planetary core",
      "filter",
      "oscillator",
      "tectonic wave"
    ],
    "verbs": [
      "amplifies",
      "separates",
      "splits",
      "fuses",
      "couples",
      "bounds",
      "dissipates",
      "aggregates",
      "groups",
      "excites",
      "decoheres",
      "contains"
    ],
    "patterns": [
      "e\u2192Encoder",
      "\u00f7|celestial_nuclear",
      "\u03a6\u2192Decoder",
      "\u03c0\u2192Decoder",
      "\u00d7|tectonic_wave",
      "\u03c0\u2192Regenerator",
      "\u00f7|galactic_field",
      "e\u2192Filter",
      "\u03a6\u2192Oscillator",
      "e\u2192Oscillator",
      "+|oceanic_current",
      "^|tectonic_wave",
      "\u2212|oceanic_current",
      "^|celestial_nuclear",
      "\u2212|celestial_nuclear",
      "e\u2192Catalyst",
      "\u03a6\u2192Encoder",
      "\u03a6\u2192Catalyst",
      "\u00d7|planetary_core",
      "()|galactic_field",
      "\u00d7|oceanic_current",
      "e\u2192Regenerator",
      "+|celestial_nuclear",
      "\u2212|planetary_core",
      "\u03a6\u2192Regenerator",
      "e\u2192Dynamo",
      "\u03a6\u2192Filter",
      "\u03c0\u2192Conductor",
      "\u03a6\u2192Dynamo",
      "\u00d7|galactic_field",
      "()|tectonic_wave",
      "\u03c0\u2192Oscillator",
      "\u00f7|planetary_core",
      "\u00f7|tectonic_wave",
      "\u03a6\u2192Reactor",
      "\u03a6\u2192Conductor",
      "\u03c0\u2192Filter",
      "e\u2192Conductor",
      "\u03c0\u2192Catalyst",
      "e\u2192Reactor",
      "\u03c0\u2192Dynamo",
      "\u2212|tectonic_wave",
      "e\u2192Decoder",
      "\u00f7|oceanic_current",
      "()|oceanic_current",
      "\u03c0\u2192Encoder",
      "()|planetary_core",
      "+|tectonic_wave",
      "\u03c0\u2192Reactor",
      "^|galactic_field",
      "()|celestial_nuclear",
      "\u2212|galactic_field",
      "+|planetary_core",
      "\u00d7|celestial_nuclear",
      "^|planetary_core",
      "^|oceanic_current"
    ],
    "vocab_count": 17,
    "verb_count": 12,
    "pattern_count": 56
  },
  "training": {
    "total_steps": 70,
    "final_coherence": 0.999916646632998
  }
}