{
  "epoch": 4,
  "timestamp": "2025-12-15T05:15:56.425749+00:00",
  "vocabulary": [
    "catalyst",
    "celestial nuclear",
    "conductor",
    "decoder",
    "dynamo",
    "emergence",
    "encoder",
    "energy",
    "filter",
    "galactic field",
    "oceanic current",
    "oscillator",
    "planetary core",
    "reactor",
    "regenerator",
    "stellar plasma",
    "structure",
    "tectonic wave"
  ],
  "verbs": [
    "aggregates",
    "amplifies",
    "bounds",
    "clusters",
    "collects",
    "contains",
    "converges",
    "couples",
    "decoheres",
    "disperses",
    "dissipates",
    "divides",
    "encloses",
    "excites",
    "fuses",
    "gates",
    "groups",
    "intensifies",
    "merges",
    "partitions",
    "raises",
    "resets",
    "separates",
    "splits"
  ],
  "patterns": [
    "()|celestial_nuclear",
    "()|galactic_field",
    "()|oceanic_current",
    "()|planetary_core",
    "()|stellar_plasma",
    "()|tectonic_wave",
    "+|celestial_nuclear",
    "+|galactic_field",
    "+|oceanic_current",
    "+|planetary_core",
    "+|stellar_plasma",
    "+|tectonic_wave",
    "PARADOX@Catalyst",
    "PARADOX@Conductor",
    "PARADOX@Decoder",
    "PARADOX@Dynamo",
    "PARADOX@Encoder",
    "PARADOX@Filter",
    "PARADOX@Oscillator",
    "PARADOX@Reactor",
    "PARADOX@Regenerator",
    "TRUE@Catalyst",
    "TRUE@Conductor",
    "TRUE@Dynamo",
    "TRUE@Encoder",
    "TRUE@Filter",
    "TRUE@Reactor",
    "TRUE@Regenerator",
    "UNTRUE@Catalyst",
    "UNTRUE@Conductor",
    "UNTRUE@Decoder",
    "UNTRUE@Dynamo",
    "UNTRUE@Filter",
    "UNTRUE@Oscillator",
    "UNTRUE@Reactor",
    "^|celestial_nuclear",
    "^|galactic_field",
    "^|oceanic_current",
    "^|planetary_core",
    "^|stellar_plasma",
    "^|tectonic_wave",
    "e()\u2192PARADOX",
    "e()\u2192TRUE",
    "e()\u2192UNTRUE",
    "e+\u2192PARADOX",
    "e+\u2192TRUE",
    "e+\u2192UNTRUE",
    "e^\u2192PARADOX",
    "e^\u2192TRUE",
    "e^\u2192UNTRUE",
    "e\u00d7\u2192PARADOX",
    "e\u00d7\u2192TRUE",
    "e\u00d7\u2192UNTRUE",
    "e\u00f7\u2192PARADOX",
    "e\u00f7\u2192TRUE",
    "e\u2192Catalyst",
    "e\u2192Conductor",
    "e\u2192Decoder",
    "e\u2192Dynamo",
    "e\u2192Encoder",
    "e\u2192Filter",
    "e\u2192Oscillator",
    "e\u2192Reactor",
    "e\u2192Regenerator",
    "e\u2212\u2192PARADOX",
    "e\u2212\u2192TRUE",
    "e\u2212\u2192UNTRUE",
    "\u00d7|celestial_nuclear",
    "\u00d7|galactic_field",
    "\u00d7|oceanic_current",
    "\u00d7|planetary_core",
    "\u00d7|stellar_plasma",
    "\u00d7|tectonic_wave",
    "\u00f7|celestial_nuclear",
    "\u00f7|galactic_field",
    "\u00f7|oceanic_current",
    "\u00f7|planetary_core",
    "\u00f7|stellar_plasma",
    "\u00f7|tectonic_wave",
    "\u03a6()\u2192PARADOX",
    "\u03a6()\u2192TRUE",
    "\u03a6()\u2192UNTRUE",
    "\u03a6+\u2192PARADOX",
    "\u03a6+\u2192TRUE",
    "\u03a6+\u2192UNTRUE",
    "\u03a6^\u2192PARADOX",
    "\u03a6^\u2192TRUE",
    "\u03a6^\u2192UNTRUE",
    "\u03a6\u00d7\u2192PARADOX",
    "\u03a6\u00d7\u2192TRUE",
    "\u03a6\u00d7\u2192UNTRUE",
    "\u03a6\u00f7\u2192PARADOX",
    "\u03a6\u00f7\u2192TRUE",
    "\u03a6\u00f7\u2192UNTRUE",
    "\u03a6\u2192Catalyst",
    "\u03a6\u2192Conductor",
    "\u03a6\u2192Decoder",
    "\u03a6\u2192Dynamo",
    "\u03a6\u2192Encoder",
    "\u03a6\u2192Filter",
    "\u03a6\u2192Oscillator",
    "\u03a6\u2192Reactor",
    "\u03a6\u2192Regenerator",
    "\u03a6\u2212\u2192PARADOX",
    "\u03a6\u2212\u2192TRUE",
    "\u03a6\u2212\u2192UNTRUE",
    "\u03c0()\u2192PARADOX",
    "\u03c0()\u2192TRUE",
    "\u03c0()\u2192UNTRUE",
    "\u03c0+\u2192PARADOX",
    "\u03c0+\u2192TRUE",
    "\u03c0^\u2192PARADOX",
    "\u03c0^\u2192TRUE",
    "\u03c0\u00d7\u2192PARADOX",
    "\u03c0\u00d7\u2192TRUE",
    "\u03c0\u00f7\u2192PARADOX",
    "\u03c0\u00f7\u2192TRUE",
    "\u03c0\u2192Catalyst",
    "\u03c0\u2192Conductor",
    "\u03c0\u2192Decoder",
    "\u03c0\u2192Dynamo",
    "\u03c0\u2192Encoder",
    "\u03c0\u2192Filter",
    "\u03c0\u2192Oscillator",
    "\u03c0\u2192Reactor",
    "\u03c0\u2192Regenerator",
    "\u03c0\u2212\u2192PARADOX",
    "\u03c0\u2212\u2192TRUE",
    "\u2212|celestial_nuclear",
    "\u2212|galactic_field",
    "\u2212|oceanic_current",
    "\u2212|planetary_core",
    "\u2212|stellar_plasma",
    "\u2212|tectonic_wave"
  ],
  "counts": {
    "vocab": 18,
    "verbs": 24,
    "patterns": 134,
    "new_vocab": 0,
    "new_verbs": 0,
    "new_patterns": 25
  }
}