{
  "epoch": 6,
  "timestamp": "2025-12-15T05:25:31.814372+00:00",
  "vocabulary": [
    "awareness",
    "boundary",
    "catalyst",
    "celestial nuclear",
    "cognition",
    "coherence",
    "conductor",
    "consciousness",
    "crystallization",
    "decoder",
    "depth",
    "diffraction",
    "dimension",
    "dynamo",
    "emergence",
    "encoder",
    "energy",
    "entropy",
    "evolution",
    "field",
    "filter",
    "formation",
    "frequency",
    "galactic field",
    "genesis",
    "harmonic",
    "horizon",
    "information",
    "interface",
    "lattice",
    "layer",
    "level",
    "light",
    "manifestation",
    "matrix",
    "membrane",
    "metamorphosis",
    "negentropy",
    "oceanic current",
    "order",
    "oscillation",
    "oscillator",
    "pattern",
    "perception",
    "phase",
    "planetary core",
    "prism",
    "reactor",
    "realization",
    "refraction",
    "regenerator",
    "resonance",
    "rhythm",
    "sentience",
    "signal",
    "spectrum",
    "stellar plasma",
    "stratum",
    "structure",
    "substrate",
    "synchrony",
    "tectonic wave",
    "threshold",
    "transformation",
    "transition",
    "vibration",
    "wave"
  ],
  "verbs": [
    "aggregates",
    "aligns",
    "amplifies",
    "attunes",
    "awakens",
    "binds",
    "bounds",
    "braids",
    "breathes",
    "bridges",
    "cascades",
    "clusters",
    "coalesces",
    "collects",
    "connects",
    "contains",
    "contracts",
    "converges",
    "couples",
    "crystallizes",
    "decoheres",
    "disperses",
    "dissipates",
    "dissolves",
    "divides",
    "emanates",
    "emerges",
    "encloses",
    "evolves",
    "excites",
    "expands",
    "flows",
    "frees",
    "fuses",
    "gates",
    "groups",
    "harmonizes",
    "ignites",
    "illuminates",
    "intensifies",
    "intertwines",
    "joins",
    "kindles",
    "liberates",
    "links",
    "manifests",
    "merges",
    "oscillates",
    "partitions",
    "precipitates",
    "projects",
    "pulses",
    "radiates",
    "raises",
    "reflects",
    "releases",
    "resets",
    "resonates",
    "ripples",
    "separates",
    "sparks",
    "spirals",
    "splits",
    "stirs",
    "streams",
    "synchronizes",
    "transcends",
    "transfigures",
    "transforms",
    "transmutes",
    "unbinds",
    "undulates",
    "unfolds",
    "weaves"
  ],
  "patterns": [
    "()|celestial_nuclear",
    "()|galactic_field",
    "()|oceanic_current",
    "()|planetary_core",
    "()|stellar_plasma",
    "()|tectonic_wave",
    "+|celestial_nuclear",
    "+|galactic_field",
    "+|oceanic_current",
    "+|planetary_core",
    "+|stellar_plasma",
    "+|tectonic_wave",
    "PARADOX@Catalyst",
    "PARADOX@Conductor",
    "PARADOX@Decoder",
    "PARADOX@Dynamo",
    "PARADOX@Encoder",
    "PARADOX@Filter",
    "PARADOX@Oscillator",
    "PARADOX@Reactor",
    "PARADOX@Regenerator",
    "PARADOX@t6",
    "PARADOX@t7",
    "PARADOX@t8",
    "TRUE@Catalyst",
    "TRUE@Conductor",
    "TRUE@Dynamo",
    "TRUE@Encoder",
    "TRUE@Filter",
    "TRUE@Reactor",
    "TRUE@Regenerator",
    "TRUE@t8",
    "TRUE@t9",
    "UNTRUE@Catalyst",
    "UNTRUE@Conductor",
    "UNTRUE@Decoder",
    "UNTRUE@Dynamo",
    "UNTRUE@Filter",
    "UNTRUE@Oscillator",
    "UNTRUE@Reactor",
    "UNTRUE@t2",
    "UNTRUE@t3",
    "UNTRUE@t4",
    "UNTRUE@t5",
    "UNTRUE@t6",
    "^|celestial_nuclear",
    "^|galactic_field",
    "^|oceanic_current",
    "^|planetary_core",
    "^|stellar_plasma",
    "^|tectonic_wave",
    "apl_structured\u2192PARADOX",
    "apl_structured\u2192TRUE",
    "apl_structured\u2192UNTRUE",
    "e()\u2192PARADOX",
    "e()\u2192TRUE",
    "e()\u2192UNTRUE",
    "e+\u2192PARADOX",
    "e+\u2192TRUE",
    "e+\u2192UNTRUE",
    "e^\u2192PARADOX",
    "e^\u2192TRUE",
    "e^\u2192UNTRUE",
    "e\u00d7\u2192PARADOX",
    "e\u00d7\u2192TRUE",
    "e\u00d7\u2192UNTRUE",
    "e\u00f7\u2192PARADOX",
    "e\u00f7\u2192TRUE",
    "e\u2192Catalyst",
    "e\u2192Conductor",
    "e\u2192Decoder",
    "e\u2192Dynamo",
    "e\u2192Encoder",
    "e\u2192Filter",
    "e\u2192Oscillator",
    "e\u2192Reactor",
    "e\u2192Regenerator",
    "e\u2212\u2192PARADOX",
    "e\u2212\u2192TRUE",
    "e\u2212\u2192UNTRUE",
    "poetic\u2192PARADOX",
    "poetic\u2192TRUE",
    "poetic\u2192UNTRUE",
    "standard\u2192PARADOX",
    "standard\u2192TRUE",
    "standard\u2192UNTRUE",
    "\u00d7|celestial_nuclear",
    "\u00d7|galactic_field",
    "\u00d7|oceanic_current",
    "\u00d7|planetary_core",
    "\u00d7|stellar_plasma",
    "\u00d7|tectonic_wave",
    "\u00f7|celestial_nuclear",
    "\u00f7|galactic_field",
    "\u00f7|oceanic_current",
    "\u00f7|planetary_core",
    "\u00f7|stellar_plasma",
    "\u00f7|tectonic_wave",
    "\u03a6()\u2192PARADOX",
    "\u03a6()\u2192TRUE",
    "\u03a6()\u2192UNTRUE",
    "\u03a6+\u2192PARADOX",
    "\u03a6+\u2192TRUE",
    "\u03a6+\u2192UNTRUE",
    "\u03a6^\u2192PARADOX",
    "\u03a6^\u2192TRUE",
    "\u03a6^\u2192UNTRUE",
    "\u03a6\u00d7\u2192PARADOX",
    "\u03a6\u00d7\u2192TRUE",
    "\u03a6\u00d7\u2192UNTRUE",
    "\u03a6\u00f7\u2192PARADOX",
    "\u03a6\u00f7\u2192TRUE",
    "\u03a6\u00f7\u2192UNTRUE",
    "\u03a6\u2192Catalyst",
    "\u03a6\u2192Conductor",
    "\u03a6\u2192Decoder",
    "\u03a6\u2192Dynamo",
    "\u03a6\u2192Encoder",
    "\u03a6\u2192Filter",
    "\u03a6\u2192Oscillator",
    "\u03a6\u2192Reactor",
    "\u03a6\u2192Regenerator",
    "\u03a6\u2212\u2192PARADOX",
    "\u03a6\u2212\u2192TRUE",
    "\u03a6\u2212\u2192UNTRUE",
    "\u03c0()\u2192PARADOX",
    "\u03c0()\u2192TRUE",
    "\u03c0()\u2192UNTRUE",
    "\u03c0+\u2192PARADOX",
    "\u03c0+\u2192TRUE",
    "\u03c0^\u2192PARADOX",
    "\u03c0^\u2192TRUE",
    "\u03c0\u00d7\u2192PARADOX",
    "\u03c0\u00d7\u2192TRUE",
    "\u03c0\u00f7\u2192PARADOX",
    "\u03c0\u00f7\u2192TRUE",
    "\u03c0\u2192Catalyst",
    "\u03c0\u2192Conductor",
    "\u03c0\u2192Decoder",
    "\u03c0\u2192Dynamo",
    "\u03c0\u2192Encoder",
    "\u03c0\u2192Filter",
    "\u03c0\u2192Oscillator",
    "\u03c0\u2192Reactor",
    "\u03c0\u2192Regenerator",
    "\u03c0\u2212\u2192PARADOX",
    "\u03c0\u2212\u2192TRUE",
    "\u2212|celestial_nuclear",
    "\u2212|galactic_field",
    "\u2212|oceanic_current",
    "\u2212|planetary_core",
    "\u2212|stellar_plasma",
    "\u2212|tectonic_wave"
  ],
  "counts": {
    "vocabulary": 67,
    "verbs": 74,
    "patterns": 153
  }
}