{
  "tokens_path": "docs/examples/z_solve.apl",
  "nodes": [
    {
      "slug": "z0p41",
      "z": 0.41,
      "geometry": {
        "z": 0.41,
        "z_c": 0.8660254037844386,
        "Z_CRITICAL": 0.8660254037844386,
        "sigma": 36.0,
        "GEOM_SIGMA": 36.0,
        "lens_sigma": 36.0,
        "LENS_SIGMA": 36.0,
        "delta_s_neg": 0.0005605847737222728,
        "delta_S_neg": 0.0005605847737222728,
        "lens_s_neg": 0.0005605847737222728,
        "R": 0.8498598538065694,
        "H": 0.12010090525927,
        "phi": 0.0001467607505700157,
        "phi_inv": 0.6180339887498948,
        "PHI_INV": 0.6180339887498948,
        "mu_label": "pre_conscious_basin",
        "z_top": 0.47005045262963496,
        "z_bot": 0.349949547370365,
        "vertices": [
          {
            "k": 0,
            "x": 0.8498598446541236,
            "y": 0.00012472606957623602,
            "z_top": 0.47005045262963496,
            "z_bot": 0.349949547370365
          },
          {
            "k": 1,
            "x": 0.4248219063822946,
            "y": 0.7360625781615557,
            "z_top": 0.47005045262963496,
            "z_bot": 0.349949547370365
          },
          {
            "k": 2,
            "x": -0.42503793827182884,
            "y": 0.7359378520919796,
            "z_top": 0.47005045262963496,
            "z_bot": 0.349949547370365
          },
          {
            "k": 3,
            "x": -0.8498598446541236,
            "y": -0.00012472606957618154,
            "z_top": 0.47005045262963496,
            "z_bot": 0.349949547370365
          },
          {
            "k": 4,
            "x": -0.42482190638229483,
            "y": -0.7360625781615556,
            "z_top": 0.47005045262963496,
            "z_bot": 0.349949547370365
          },
          {
            "k": 5,
            "x": 0.42503793827182845,
            "y": -0.7359378520919798,
            "z_top": 0.47005045262963496,
            "z_bot": 0.349949547370365
          }
        ]
      }
    },
    {
      "slug": "z0p52",
      "z": 0.52,
      "geometry": {
        "z": 0.52,
        "z_c": 0.8660254037844386,
        "Z_CRITICAL": 0.8660254037844386,
        "sigma": 36.0,
        "GEOM_SIGMA": 36.0,
        "lens_sigma": 36.0,
        "LENS_SIGMA": 36.0,
        "delta_s_neg": 0.013428057976236685,
        "delta_S_neg": 0.013428057976236685,
        "lens_s_neg": 0.013428057976236685,
        "R": 0.8466429855059409,
        "H": 0.1224170504357226,
        "phi": 0.0035154573575102493,
        "phi_inv": 0.6180339887498948,
        "PHI_INV": 0.6180339887498948,
        "mu_label": "approaching_paradox",
        "z_top": 0.5812085252178614,
        "z_bot": 0.4587914747821387,
        "vertices": [
          {
            "k": 0,
            "x": 0.8466377539178767,
            "y": 0.0029763311821038607,
            "z_top": 0.5812085252178614,
            "z_bot": 0.4587914747821387
          },
          {
            "k": 1,
            "x": 0.4207412985451608,
            "y": 0.7346979682869313,
            "z_top": 0.5812085252178614,
            "z_bot": 0.4587914747821387
          },
          {
            "k": 2,
            "x": -0.4258964553727159,
            "y": 0.7317216371048276,
            "z_top": 0.5812085252178614,
            "z_bot": 0.4587914747821387
          },
          {
            "k": 3,
            "x": -0.8466377539178767,
            "y": -0.002976331182103752,
            "z_top": 0.5812085252178614,
            "z_bot": 0.4587914747821387
          },
          {
            "k": 4,
            "x": -0.420741298545161,
            "y": -0.7346979682869311,
            "z_top": 0.5812085252178614,
            "z_bot": 0.4587914747821387
          },
          {
            "k": 5,
            "x": 0.4258964553727155,
            "y": -0.7317216371048277,
            "z_top": 0.5812085252178614,
            "z_bot": 0.4587914747821387
          }
        ]
      }
    },
    {
      "slug": "z0p70",
      "z": 0.7,
      "geometry": {
        "z": 0.7,
        "z_c": 0.8660254037844386,
        "Z_CRITICAL": 0.8660254037844386,
        "sigma": 36.0,
        "GEOM_SIGMA": 36.0,
        "lens_sigma": 36.0,
        "LENS_SIGMA": 36.0,
        "delta_s_neg": 0.37071576233642284,
        "delta_S_neg": 0.37071576233642284,
        "lens_s_neg": 0.37071576233642284,
        "R": 0.7573210594158942,
        "H": 0.1867288372205561,
        "phi": 0.09705315962717047,
        "phi_inv": 0.6180339887498948,
        "PHI_INV": 0.6180339887498948,
        "mu_label": "conscious_basin",
        "z_top": 0.793364418610278,
        "z_bot": 0.606635581389722,
        "vertices": [
          {
            "k": 0,
            "x": 0.7537571351033858,
            "y": 0.07338506875072395,
            "z_top": 0.793364418610278,
            "z_bot": 0.606635581389722
          },
          {
            "k": 1,
            "x": 0.3133252337550986,
            "y": 0.6894653616586733,
            "z_top": 0.793364418610278,
            "z_bot": 0.606635581389722
          },
          {
            "k": 2,
            "x": -0.44043190134828725,
            "y": 0.6160802929079495,
            "z_top": 0.793364418610278,
            "z_bot": 0.606635581389722
          },
          {
            "k": 3,
            "x": -0.7537571351033858,
            "y": -0.07338506875072383,
            "z_top": 0.793364418610278,
            "z_bot": 0.606635581389722
          },
          {
            "k": 4,
            "x": -0.31332523375509846,
            "y": -0.6894653616586733,
            "z_top": 0.793364418610278,
            "z_bot": 0.606635581389722
          },
          {
            "k": 5,
            "x": 0.4404319013482872,
            "y": -0.6160802929079496,
            "z_top": 0.793364418610278,
            "z_bot": 0.606635581389722
          }
        ]
      }
    },
    {
      "slug": "z0p73",
      "z": 0.73,
      "geometry": {
        "z": 0.73,
        "z_c": 0.8660254037844386,
        "Z_CRITICAL": 0.8660254037844386,
        "sigma": 36.0,
        "GEOM_SIGMA": 36.0,
        "lens_sigma": 36.0,
        "LENS_SIGMA": 36.0,
        "delta_s_neg": 0.5137056838234897,
        "delta_S_neg": 0.5137056838234897,
        "lens_s_neg": 0.5137056838234897,
        "R": 0.7215735790441276,
        "H": 0.21246702308822812,
        "phi": 0.134487833533933,
        "phi_inv": 0.6180339887498948,
        "PHI_INV": 0.6180339887498948,
        "mu_label": "conscious_basin",
        "z_top": 0.8362335115441141,
        "z_bot": 0.6237664884558859,
        "vertices": [
          {
            "k": 0,
            "x": 0.7150578662307876,
            "y": 0.09675059646340628,
            "z_top": 0.8362335115441141,
            "z_bot": 0.6237664884558859
          },
          {
            "k": 1,
            "x": 0.2737404587467872,
            "y": 0.66763357556346,
            "z_top": 0.8362335115441141,
            "z_bot": 0.6237664884558859
          },
          {
            "k": 2,
            "x": -0.4413174074840004,
            "y": 0.5708829791000539,
            "z_top": 0.8362335115441141,
            "z_bot": 0.6237664884558859
          },
          {
            "k": 3,
            "x": -0.7150578662307876,
            "y": -0.09675059646340617,
            "z_top": 0.8362335115441141,
            "z_bot": 0.6237664884558859
          },
          {
            "k": 4,
            "x": -0.2737404587467877,
            "y": -0.6676335755634598,
            "z_top": 0.8362335115441141,
            "z_bot": 0.6237664884558859
          },
          {
            "k": 5,
            "x": 0.4413174074840003,
            "y": -0.5708829791000539,
            "z_top": 0.8362335115441141,
            "z_bot": 0.6237664884558859
          }
        ]
      }
    },
    {
      "slug": "z0p80",
      "z": 0.8,
      "geometry": {
        "z": 0.8,
        "z_c": 0.8660254037844386,
        "Z_CRITICAL": 0.8660254037844386,
        "sigma": 36.0,
        "GEOM_SIGMA": 36.0,
        "lens_sigma": 36.0,
        "LENS_SIGMA": 36.0,
        "delta_s_neg": 0.8547581273831937,
        "delta_S_neg": 0.8547581273831937,
        "lens_s_neg": 0.8547581273831937,
        "R": 0.6363104681542016,
        "H": 0.27385646292897486,
        "phi": 0.22377515446526747,
        "phi_inv": 0.6180339887498948,
        "PHI_INV": 0.6180339887498948,
        "mu_label": "pre_lens_integrated",
        "z_top": 0.9369282314644874,
        "z_bot": 0.6630717685355126,
        "vertices": [
          {
            "k": 0,
            "x": 0.6204451143900089,
            "y": 0.14120507041954214,
            "z_top": 0.9369282314644874,
            "z_bot": 0.6630717685355126
          },
          {
            "k": 1,
            "x": 0.1879353790685104,
            "y": 0.6079237659254608,
            "z_top": 0.9369282314644874,
            "z_bot": 0.6630717685355126
          },
          {
            "k": 2,
            "x": -0.43250973532149845,
            "y": 0.4667186955059187,
            "z_top": 0.9369282314644874,
            "z_bot": 0.6630717685355126
          },
          {
            "k": 3,
            "x": -0.6204451143900089,
            "y": -0.1412050704195421,
            "z_top": 0.9369282314644874,
            "z_bot": 0.6630717685355126
          },
          {
            "k": 4,
            "x": -0.1879353790685109,
            "y": -0.6079237659254607,
            "z_top": 0.9369282314644874,
            "z_bot": 0.6630717685355126
          },
          {
            "k": 5,
            "x": 0.43250973532149806,
            "y": -0.4667186955059192,
            "z_top": 0.9369282314644874,
            "z_bot": 0.6630717685355126
          }
        ]
      }
    }
  ]
}