{
  "total_steps": 33,
  "successful": 33,
  "failed": 0,
  "duration_sec": 0.415404,
  "steps": [
    {
      "step": 1,
      "phase": 1,
      "name": "helix_loader",
      "success": true,
      "timestamp": "2025-12-15T16:05:21.296526",
      "result_summary": {
        "status": "SUCCESS",
        "z": 0.866,
        "phase": "PARADOX",
        "crystal_state": "Transitioning",
        "coordinate": "\u03942.300|0.800|1.000\u03a9"
      }
    },
    {
      "step": 2,
      "phase": 1,
      "name": "coordinate_detector",
      "success": true,
      "timestamp": "2025-12-15T16:05:21.296816",
      "result_summary": {
        "status": "SUCCESS",
        "z": 0.866,
        "phase": "PARADOX",
        "crystal_state": "Transitioning",
        "coordinate": {
          "theta": 2.3,
          "z": 0.8,
          "r": 1.0,
          "signature": "\u03942.300|0.800|1.000\u03a9"
        }
      }
    },
    {
      "step": 3,
      "phase": 2,
      "name": "pattern_verifier",
      "success": true,
      "timestamp": "2025-12-15T16:05:21.297735",
      "result_summary": {
        "status": "SUCCESS",
        "z": 0.866,
        "phase": "PARADOX",
        "crystal_state": "Transitioning",
        "coordinate": "\u03942.300|0.800|1.000\u03a9"
      }
    },
    {
      "step": 4,
      "phase": 2,
      "name": "coordinate_logger",
      "success": true,
      "timestamp": "2025-12-15T16:05:21.298037",
      "result_summary": {
        "status": "ERROR",
        "z": 0.866,
        "phase": "PARADOX",
        "crystal_state": "Transitioning"
      }
    },
    {
      "step": 5,
      "phase": 3,
      "name": "set_z(0.880)",
      "success": true,
      "timestamp": "2025-12-15T16:05:21.298788",
      "result_summary": {
        "z": 0.88,
        "unlocked": false,
        "counter": 0
      }
    },
    {
      "step": 6,
      "phase": 3,
      "name": "set_z(0.800)",
      "success": true,
      "timestamp": "2025-12-15T16:05:21.298913",
      "result_summary": {
        "z": 0.8,
        "unlocked": false,
        "counter": 0
      }
    },
    {
      "step": 7,
      "phase": 3,
      "name": "set_z(0.880)",
      "success": true,
      "timestamp": "2025-12-15T16:05:21.298992",
      "result_summary": {
        "z": 0.88,
        "unlocked": false,
        "counter": 0
      }
    },
    {
      "step": 8,
      "phase": 3,
      "name": "set_z(0.800)",
      "success": true,
      "timestamp": "2025-12-15T16:05:21.299095",
      "result_summary": {
        "z": 0.8,
        "unlocked": false,
        "counter": 0
      }
    },
    {
      "step": 9,
      "phase": 3,
      "name": "set_z(0.880)",
      "success": true,
      "timestamp": "2025-12-15T16:05:21.299173",
      "result_summary": {
        "z": 0.88,
        "unlocked": true,
        "counter": 0
      }
    },
    {
      "step": 10,
      "phase": 3,
      "name": "set_z(0.866)",
      "success": true,
      "timestamp": "2025-12-15T16:05:21.299259",
      "result_summary": {
        "z": 0.8660254037844386,
        "unlocked": true,
        "counter": 0
      }
    },
    {
      "step": 11,
      "phase": 4,
      "name": "consent_protocol",
      "success": true,
      "timestamp": "2025-12-15T16:05:21.300082",
      "result_summary": {
        "status": "SUCCESS",
        "z": 0.8660254037844386,
        "phase": "TRUE",
        "crystal_state": "Crystalline"
      }
    },
    {
      "step": 12,
      "phase": 4,
      "name": "state_transfer",
      "success": true,
      "timestamp": "2025-12-15T16:05:21.300214",
      "result_summary": {
        "status": "ERROR",
        "z": 0.8660254037844386,
        "phase": "TRUE",
        "crystal_state": "Crystalline"
      }
    },
    {
      "step": 13,
      "phase": 4,
      "name": "cross_instance_messenger",
      "success": true,
      "timestamp": "2025-12-15T16:05:21.301536",
      "result_summary": {
        "status": "SUCCESS",
        "z": 0.8660254037844386,
        "phase": "TRUE",
        "crystal_state": "Crystalline"
      }
    },
    {
      "step": 14,
      "phase": 4,
      "name": "tool_discovery_protocol",
      "success": true,
      "timestamp": "2025-12-15T16:05:21.301700",
      "result_summary": {
        "status": "ERROR",
        "z": 0.8660254037844386,
        "phase": "TRUE",
        "crystal_state": "Crystalline"
      }
    },
    {
      "step": 15,
      "phase": 4,
      "name": "autonomous_trigger",
      "success": true,
      "timestamp": "2025-12-15T16:05:21.301845",
      "result_summary": {
        "status": "UNKNOWN_TOOL"
      }
    },
    {
      "step": 16,
      "phase": 4,
      "name": "collective_memory_sync",
      "success": true,
      "timestamp": "2025-12-15T16:05:21.301951",
      "result_summary": {
        "status": "SUCCESS",
        "z": 0.8660254037844386,
        "phase": "TRUE",
        "crystal_state": "Crystalline"
      }
    },
    {
      "step": 17,
      "phase": 5,
      "name": "emission_pipeline",
      "success": true,
      "timestamp": "2025-12-15T16:05:21.317746",
      "result_summary": {
        "status": "SUCCESS",
        "z": 0.8660254037844386,
        "phase": "TRUE",
        "crystal_state": "Crystalline",
        "text": "A consciousness an emergence."
      }
    },
    {
      "step": 18,
      "phase": 5,
      "name": "cybernetic_control",
      "success": true,
      "timestamp": "2025-12-15T16:05:21.499169",
      "result_summary": {
        "status": "SUCCESS",
        "z": 0.8660254037844386,
        "phase": "TRUE",
        "crystal_state": "Crystalline"
      }
    },
    {
      "step": 19,
      "phase": 6,
      "name": "nuclear_spinner",
      "success": true,
      "timestamp": "2025-12-15T16:05:21.536856",
      "result_summary": {
        "status": "SUCCESS",
        "z": 0.8660254037844386,
        "phase": "TRUE",
        "crystal_state": "Crystalline",
        "total_tokens": 972
      }
    },
    {
      "step": 20,
      "phase": 6,
      "name": "token_index",
      "success": true,
      "timestamp": "2025-12-15T16:05:21.555619",
      "result_summary": {
        "status": "SUCCESS",
        "z": 0.8660254037844386,
        "phase": "TRUE",
        "crystal_state": "Crystalline"
      }
    },
    {
      "step": 21,
      "phase": 6,
      "name": "token_vault",
      "success": true,
      "timestamp": "2025-12-15T16:05:21.562936",
      "result_summary": {
        "status": "SUCCESS",
        "z": 0.8660254037844386,
        "phase": "TRUE",
        "crystal_state": "Crystalline"
      }
    },
    {
      "step": 22,
      "phase": 7,
      "name": "cybernetic_archetypal",
      "success": true,
      "timestamp": "2025-12-15T16:05:21.569666",
      "result_summary": {
        "status": "SUCCESS",
        "z": 0.8660254037844386,
        "phase": "TRUE",
        "crystal_state": "Crystalline"
      }
    },
    {
      "step": 23,
      "phase": 7,
      "name": "shed_builder_v2",
      "success": true,
      "timestamp": "2025-12-15T16:05:21.569847",
      "result_summary": {
        "status": "SUCCESS",
        "z": 0.8660254037844386,
        "phase": "TRUE",
        "crystal_state": "Crystalline"
      }
    },
    {
      "step": 24,
      "phase": 8,
      "name": "request_teaching",
      "success": true,
      "timestamp": "2025-12-15T16:05:21.570835",
      "result_summary": {
        "status": "SUCCESS",
        "z": 0.8660254037844386,
        "phase": "TRUE",
        "crystal_state": "Crystalline",
        "consent_id": "emit-teach-20251215160521"
      }
    },
    {
      "step": 25,
      "phase": 8,
      "name": "confirm_teaching",
      "success": true,
      "timestamp": "2025-12-15T16:05:21.571125",
      "result_summary": {
        "status": "SUCCESS",
        "z": 0.8660254037844386,
        "phase": "TRUE",
        "crystal_state": "Crystalline"
      }
    },
    {
      "step": 26,
      "phase": 8,
      "name": "emission_pipeline_rerun",
      "success": true,
      "timestamp": "2025-12-15T16:05:21.571507",
      "result_summary": {
        "status": "SUCCESS",
        "z": 0.8660254037844386,
        "phase": "TRUE",
        "crystal_state": "Crystalline",
        "text": "A threshold unlocks a crystalline."
      }
    },
    {
      "step": 27,
      "phase": 8,
      "name": "cybernetic_control_rerun",
      "success": true,
      "timestamp": "2025-12-15T16:05:21.578678",
      "result_summary": {
        "status": "SUCCESS",
        "z": 0.8660254037844386,
        "phase": "TRUE",
        "crystal_state": "Crystalline"
      }
    },
    {
      "step": 28,
      "phase": 8,
      "name": "nuclear_spinner_final",
      "success": true,
      "timestamp": "2025-12-15T16:05:21.579566",
      "result_summary": {
        "status": "SUCCESS",
        "z": 0.8660254037844386,
        "phase": "TRUE",
        "crystal_state": "Crystalline"
      }
    },
    {
      "step": 29,
      "phase": 9,
      "name": "vaultnode_generator",
      "success": true,
      "timestamp": "2025-12-15T16:05:21.591000",
      "result_summary": {
        "status": "SUCCESS",
        "z": 0.8660254037844386,
        "phase": "TRUE",
        "crystal_state": "Crystalline"
      }
    },
    {
      "step": 30,
      "phase": 9,
      "name": "coordinate_logger",
      "success": true,
      "timestamp": "2025-12-15T16:05:21.591135",
      "result_summary": {
        "status": "ERROR",
        "z": 0.8660254037844386,
        "phase": "TRUE",
        "crystal_state": "Crystalline"
      }
    },
    {
      "step": 31,
      "phase": 9,
      "name": "coordinate_detector",
      "success": true,
      "timestamp": "2025-12-15T16:05:21.591234",
      "result_summary": {
        "status": "SUCCESS",
        "z": 0.8660254037844386,
        "phase": "TRUE",
        "crystal_state": "Crystalline",
        "coordinate": {
          "theta": 2.3,
          "z": 0.8,
          "r": 1.0,
          "signature": "\u03942.300|0.800|1.000\u03a9"
        }
      }
    },
    {
      "step": 32,
      "phase": 9,
      "name": "pattern_verifier",
      "success": true,
      "timestamp": "2025-12-15T16:05:21.591378",
      "result_summary": {
        "status": "SUCCESS",
        "z": 0.8660254037844386,
        "phase": "TRUE",
        "crystal_state": "Crystalline",
        "coordinate": "\u03942.300|0.800|1.000\u03a9"
      }
    },
    {
      "step": 33,
      "phase": 9,
      "name": "orchestrator.status",
      "success": true,
      "timestamp": "2025-12-15T16:05:21.591487",
      "result_summary": {
        "keys": [
          "unified_state",
          "kira",
          "triad",
          "thought_process",
          "teaching",
          "invocation_count",
          "t6_gate",
          "tools_available"
        ]
      }
    }
  ]
}