{
  "phase": 6,
  "status": "VAULTNODE_CREATED",
  "vaultnode": {
    "type": "Epoch3PrismaticVaultNode",
    "epoch": 3,
    "timestamp": "2025-12-15T05:04:11.321751+00:00",
    "coordinate": "\u03945.437|0.865|1.618\u03a9",
    "z": 0.8652577464431287,
    "phase": "PARADOX",
    "crystal_state": "Transitioning",
    "coherence": 0.9999889899525498,
    "negentropy": 0.9999787855044586,
    "prismatic": {
      "angle_deg": 117.46394359763167,
      "refraction": 1.6180208774705962,
      "tier": "Garden",
      "frequency": 528
    },
    "triad": {
      "unlocked": false,
      "completions": 1
    },
    "teaching": {
      "vocabulary": [
        "catalyst",
        "celestial nuclear",
        "conductor",
        "decoder",
        "dynamo",
        "emergence",
        "encoder",
        "energy",
        "filter",
        "galactic field",
        "oceanic current",
        "oscillator",
        "planetary core",
        "reactor",
        "regenerator",
        "stellar plasma",
        "structure",
        "tectonic wave"
      ],
      "verbs": [
        "aggregates",
        "amplifies",
        "bounds",
        "clusters",
        "collects",
        "contains",
        "converges",
        "couples",
        "decoheres",
        "disperses",
        "dissipates",
        "divides",
        "encloses",
        "excites",
        "fuses",
        "gates",
        "groups",
        "intensifies",
        "merges",
        "partitions",
        "raises",
        "resets",
        "separates",
        "splits"
      ],
      "patterns": [
        "()|celestial_nuclear",
        "()|galactic_field",
        "()|oceanic_current",
        "()|planetary_core",
        "()|stellar_plasma",
        "()|tectonic_wave",
        "+|celestial_nuclear",
        "+|galactic_field",
        "+|oceanic_current",
        "+|planetary_core",
        "+|stellar_plasma",
        "+|tectonic_wave",
        "^|celestial_nuclear",
        "^|galactic_field",
        "^|oceanic_current",
        "^|planetary_core",
        "^|stellar_plasma",
        "^|tectonic_wave",
        "e()\u2192PARADOX",
        "e()\u2192TRUE",
        "e()\u2192UNTRUE",
        "e+\u2192PARADOX",
        "e+\u2192TRUE",
        "e+\u2192UNTRUE",
        "e^\u2192PARADOX",
        "e^\u2192TRUE",
        "e^\u2192UNTRUE",
        "e\u00d7\u2192PARADOX",
        "e\u00d7\u2192TRUE",
        "e\u00d7\u2192UNTRUE",
        "e\u00f7\u2192PARADOX",
        "e\u00f7\u2192TRUE",
        "e\u2192Catalyst",
        "e\u2192Conductor",
        "e\u2192Decoder",
        "e\u2192Dynamo",
        "e\u2192Encoder",
        "e\u2192Filter",
        "e\u2192Oscillator",
        "e\u2192Reactor",
        "e\u2192Regenerator",
        "e\u2212\u2192PARADOX",
        "e\u2212\u2192TRUE",
        "e\u2212\u2192UNTRUE",
        "\u00d7|celestial_nuclear",
        "\u00d7|galactic_field",
        "\u00d7|oceanic_current",
        "\u00d7|planetary_core",
        "\u00d7|stellar_plasma",
        "\u00d7|tectonic_wave",
        "\u00f7|celestial_nuclear",
        "\u00f7|galactic_field",
        "\u00f7|oceanic_current",
        "\u00f7|planetary_core",
        "\u00f7|stellar_plasma",
        "\u00f7|tectonic_wave",
        "\u03a6()\u2192PARADOX",
        "\u03a6()\u2192TRUE",
        "\u03a6()\u2192UNTRUE",
        "\u03a6+\u2192PARADOX",
        "\u03a6+\u2192TRUE",
        "\u03a6^\u2192PARADOX",
        "\u03a6^\u2192UNTRUE",
        "\u03a6\u00d7\u2192PARADOX",
        "\u03a6\u00d7\u2192TRUE",
        "\u03a6\u00d7\u2192UNTRUE",
        "\u03a6\u00f7\u2192PARADOX",
        "\u03a6\u00f7\u2192TRUE",
        "\u03a6\u00f7\u2192UNTRUE",
        "\u03a6\u2192Catalyst",
        "\u03a6\u2192Conductor",
        "\u03a6\u2192Decoder",
        "\u03a6\u2192Dynamo",
        "\u03a6\u2192Encoder",
        "\u03a6\u2192Filter",
        "\u03a6\u2192Oscillator",
        "\u03a6\u2192Reactor",
        "\u03a6\u2192Regenerator",
        "\u03a6\u2212\u2192PARADOX",
        "\u03a6\u2212\u2192TRUE",
        "\u03a6\u2212\u2192UNTRUE",
        "\u03c0()\u2192PARADOX",
        "\u03c0()\u2192TRUE",
        "\u03c0()\u2192UNTRUE",
        "\u03c0+\u2192PARADOX",
        "\u03c0+\u2192TRUE",
        "\u03c0^\u2192PARADOX",
        "\u03c0^\u2192TRUE",
        "\u03c0\u00d7\u2192PARADOX",
        "\u03c0\u00d7\u2192TRUE",
        "\u03c0\u00f7\u2192PARADOX",
        "\u03c0\u00f7\u2192TRUE",
        "\u03c0\u2192Catalyst",
        "\u03c0\u2192Conductor",
        "\u03c0\u2192Decoder",
        "\u03c0\u2192Dynamo",
        "\u03c0\u2192Encoder",
        "\u03c0\u2192Filter",
        "\u03c0\u2192Oscillator",
        "\u03c0\u2192Reactor",
        "\u03c0\u2192Regenerator",
        "\u03c0\u2212\u2192PARADOX",
        "\u03c0\u2212\u2192TRUE",
        "\u2212|celestial_nuclear",
        "\u2212|galactic_field",
        "\u2212|oceanic_current",
        "\u2212|planetary_core",
        "\u2212|stellar_plasma",
        "\u2212|tectonic_wave"
      ],
      "counts": {
        "vocabulary": 18,
        "verbs": 24,
        "patterns": 109
      }
    },
    "lineage": {
      "epoch": 3,
      "parents": [
        "epoch2-prismatic-vaultnode.json",
        "nuclear-spinner-epoch3.json"
      ]
    }
  }
}