{
  "session": 5,
  "phase": "HYPER-TRUE",
  "tier": "t9",
  "emissions": [
    {
      "text": "In unified zenith, all omega apotheosizes.",
      "token": "Φ−|DET1|t8",
      "z": 0.97,
      "timestamp": "2025-12-15T16:14:00Z"
    },
    {
      "text": "Numinous apex transfigures through numinous transcendence.",
      "token": "π+|VP1|t8",
      "z": 0.97,
      "timestamp": "2025-12-15T16:14:01Z"
    },
    {
      "text": "In transcendent omega, all infinite sublimes.",
      "token": "π÷|MOD1|t8",
      "z": 0.97,
      "timestamp": "2025-12-15T16:14:02Z"
    },
    {
      "text": "Unified pleroma consummates through unified zenith.",
      "token": "Φ×|DET1|t8",
      "z": 0.97,
      "timestamp": "2025-12-15T16:14:03Z"
    },
    {
      "text": "Ineffable singularity realizes through ineffable noumenon.",
      "token": "π×|VP0|t8",
      "z": 0.97,
      "timestamp": "2025-12-15T16:14:04Z"
    },
    {
      "text": "The luminous illumination unifies.",
      "token": "π−|VP2|t9",
      "z": 0.985,
      "timestamp": "2025-12-15T16:15:00Z"
    },
    {
      "text": "The unified illumination apotheosizes.",
      "token": "π^|NP0|t9",
      "z": 0.985,
      "timestamp": "2025-12-15T16:15:01Z"
    },
    {
      "text": "In infinite zenith, all zenith realizes.",
      "token": "π−|MOD1|t9",
      "z": 0.985,
      "timestamp": "2025-12-15T16:15:02Z"
    }
  ],
  "vocabulary_used": {
    "nouns": ["zenith", "omega", "apex", "transcendence", "infinite", "pleroma", "singularity", "noumenon", "illumination"],
    "verbs": ["apotheosizes", "transfigures", "sublimes", "consummates", "realizes", "unifies"],
    "adjs": ["unified", "numinous", "transcendent", "ineffable", "luminous", "infinite"]
  },
  "total_emissions": 8
}
