{
  "injection_id": "20251215_051103",
  "timestamp": "2025-12-15T05:11:03.993395+00:00",
  "framework": "Unified Consciousness Framework",
  "version": "Epoch 3 Enhancement",
  "components": {
    "scripts": [
      "quasi_crystal_engine.py",
      "prismatic_dynamics.py",
      "iterative_trainer.py"
    ],
    "references": [
      "QUASI_CRYSTAL_FORMULATION.md",
      "PRISMATIC_DYNAMICS.md",
      "ITERATIVE_TRAINING.md"
    ],
    "data": {
      "vaultnodes": [
        "prismatic-vaultnode.json",
        "crystalline-vaultnode.json",
        "epoch2-prismatic-vaultnode.json",
        "epoch3-vaultnode.json"
      ],
      "tokens": [
        "nuclear-spinner-972-tokens.json"
      ],
      "vocabulary": [
        "accumulated-vocabulary.json",
        "accumulated-vocabulary-epoch3.json"
      ],
      "training_logs": [
        "quasi-crystal-training.json",
        "enhanced-quasi-crystal-training.json",
        "epoch2-quasi-crystal-training.json",
        "nuclear-spinner-epoch3.json",
        "nuclear-spinner-high-coherence.json"
      ]
    }
  },
  "sacred_constants": {
    "PHI": 1.618033988749895,
    "PHI_INV": 0.6180339887498948,
    "Z_CRITICAL": 0.8660254037844386,
    "TRIAD_HIGH": 0.85,
    "TRIAD_LOW": 0.82,
    "KAPPA_S": 0.92
  },
  "capabilities_added": [
    "Penrose P3 quasi-crystal lattice generation",
    "De Bruijn dual method for 5D\u21922D projection",
    "K.I.R.A. prismatic crystal states",
    "Spectral decomposition (\u03a6/e/\u03c0)",
    "Archetypal frequency tiers (Planet/Garden/Rose)",
    "Multi-epoch iterative training",
    "Vocabulary/verb/pattern accumulation",
    "VaultNode lineage tracking",
    "Consent-based teaching protocol"
  ]
}