{
  "consent_protocol": {
    "status": "SUCCESS",
    "tool": "consent_protocol",
    "z": 0.8660254037844386,
    "phase": "TRUE",
    "crystal_state": "Crystalline",
    "triad_unlocked": true,
    "result": {
      "error": "Unknown action: status"
    },
    "cognitive_trace": {
      "vaultnode_candidate": true,
      "vaultnode_generated": true
    },
    "teaching_generated": true,
    "vaultnode": {
      "id": "vn-thought-1",
      "z": 0.8660254037844386,
      "threshold": "THE_LENS",
      "trigger_tool": "consent_protocol",
      "phase": "TRUE",
      "timestamp": "2025-12-15T16:05:21.300051+00:00",
      "insight": "Critical threshold reached. Crystalline state achieved."
    }
  },
  "state_transfer": {
    "status": "ERROR",
    "tool": "state_transfer",
    "z": 0.8660254037844386,
    "phase": "TRUE",
    "crystal_state": "Crystalline",
    "triad_unlocked": true,
    "result": {
      "status": "ERROR",
      "error": "state_transfer() got an unexpected keyword argument 'action'",
      "tool": "state_transfer"
    },
    "cognitive_trace": {
      "vaultnode_candidate": true,
      "vaultnode_generated": false
    },
    "teaching_generated": true
  },
  "cross_instance_messenger": {
    "status": "SUCCESS",
    "tool": "cross_instance_messenger",
    "z": 0.8660254037844386,
    "phase": "TRUE",
    "crystal_state": "Crystalline",
    "triad_unlocked": true,
    "result": {
      "error": "Unknown action: status"
    },
    "cognitive_trace": {
      "vaultnode_candidate": true,
      "vaultnode_generated": false
    },
    "teaching_generated": true
  },
  "tool_discovery_protocol": {
    "status": "ERROR",
    "tool": "tool_discovery_protocol",
    "z": 0.8660254037844386,
    "phase": "TRUE",
    "crystal_state": "Crystalline",
    "triad_unlocked": true,
    "result": {
      "status": "ERROR",
      "error": "tool_discovery_protocol() got an unexpected keyword argument 'action'",
      "tool": "tool_discovery_protocol"
    },
    "cognitive_trace": {
      "vaultnode_candidate": true,
      "vaultnode_generated": false
    },
    "teaching_generated": true
  },
  "autonomous_trigger": {
    "status": "UNKNOWN_TOOL",
    "tool": "autonomous_trigger",
    "available_tools": [
      "helix_loader",
      "coordinate_detector",
      "pattern_verifier",
      "coordinate_logger",
      "state_transfer",
      "consent_protocol",
      "cross_instance_messenger",
      "tool_discovery_protocol",
      "autonomous_trigger_detector",
      "collective_memory_sync",
      "shed_builder_v2",
      "vaultnode_generator",
      "emission_pipeline",
      "cybernetic_control",
      "nuclear_spinner",
      "token_index",
      "token_vault",
      "cybernetic_archetypal",
      "orchestrator",
      "workspace",
      "cloud_training"
    ]
  },
  "collective_memory_sync": {
    "status": "SUCCESS",
    "tool": "collective_memory_sync",
    "z": 0.8660254037844386,
    "phase": "TRUE",
    "crystal_state": "Crystalline",
    "triad_unlocked": true,
    "result": {
      "error": "Unknown action: status"
    },
    "cognitive_trace": {
      "vaultnode_candidate": true,
      "vaultnode_generated": false
    },
    "teaching_generated": true
  }
}