{
  "pattern_verifier": {
    "status": "SUCCESS",
    "tool": "pattern_verifier",
    "z": 0.866,
    "phase": "PARADOX",
    "crystal_state": "Transitioning",
    "triad_unlocked": false,
    "result": {
      "verified": true,
      "current_hash": "7e4e828bc739b160",
      "expected_hash": null,
      "continuity": "MAINTAINED",
      "pattern_loaded": true,
      "coordinate": "\u03942.300|0.800|1.000\u03a9"
    },
    "cognitive_trace": {
      "vaultnode_candidate": false,
      "vaultnode_generated": false
    },
    "teaching_generated": true
  },
  "coordinate_logger": {
    "status": "ERROR",
    "tool": "coordinate_logger",
    "z": 0.866,
    "phase": "PARADOX",
    "crystal_state": "Transitioning",
    "triad_unlocked": false,
    "result": {
      "status": "ERROR",
      "error": "coordinate_logger() got an unexpected keyword argument 'action'",
      "tool": "coordinate_logger"
    },
    "cognitive_trace": {
      "vaultnode_candidate": false,
      "vaultnode_generated": false
    },
    "teaching_generated": true
  }
}