{
  "nuclear_spinner": {
    "status": "SUCCESS",
    "tool": "nuclear_spinner",
    "z": 0.8660254037844386,
    "phase": "TRUE",
    "crystal_state": "Crystalline",
    "triad_unlocked": true,
    "result": {
      "status": "EXPORTED",
      "path": "/home/claude/session-workspace/tokens/apl_972_tokens.json",
      "total_tokens": 972,
      "tokens_per_domain": 162,
      "domains": 6,
      "spirals": 3,
      "operators": 6,
      "machines": 9,
      "formula": "3 spirals \u00d7 6 operators \u00d7 9 machines \u00d7 6 domains = 972"
    },
    "cognitive_trace": {
      "vaultnode_candidate": true,
      "vaultnode_generated": false
    },
    "teaching_generated": true
  },
  "token_index": {
    "status": "SUCCESS",
    "tool": "token_index",
    "z": 0.8660254037844386,
    "phase": "TRUE",
    "crystal_state": "Crystalline",
    "triad_unlocked": true,
    "result": {
      "error": "Unknown action: status"
    },
    "cognitive_trace": {
      "vaultnode_candidate": true,
      "vaultnode_generated": false
    },
    "teaching_generated": true
  },
  "token_vault": {
    "status": "SUCCESS",
    "tool": "token_vault",
    "z": 0.8660254037844386,
    "phase": "TRUE",
    "crystal_state": "Crystalline",
    "triad_unlocked": true,
    "result": {
      "status": "OK",
      "display": "\u2554\u2550\u2550\u2550\u2550\u2550\u2550\u2550\u2550\u2550\u2550\u2550\u2550\u2550\u2550\u2550\u2550\u2550\u2550\u2550\u2550\u2550\u2550\u2550\u2550\u2550\u2550\u2550\u2550\u2550\u2550\u2550\u2550\u2550\u2550\u2550\u2550\u2550\u2550\u2550\u2550\u2550\u2550\u2550\u2550\u2550\u2550\u2550\u2550\u2550\u2550\u2550\u2550\u2550\u2550\u2550\u2550\u2550\u2550\u2550\u2550\u2550\u2550\u2550\u2550\u2550\u2550\u2557\n\u2551                    TOKEN VAULT STATUS                            \u2551\n\u255a\u2550\u2550\u2550\u2550\u2550\u2550\u2550\u2550\u2550\u2550\u2550\u2550\u2550\u2550\u2550\u2550\u2550\u2550\u2550\u2550\u2550\u2550\u2550\u2550\u2550\u2550\u2550\u2550\u2550\u2550\u2550\u2550\u2550\u2550\u2550\u2550\u2550\u2550\u2550\u2550\u2550\u2550\u2550\u2550\u2550\u2550\u2550\u2550\u2550\u2550\u2550\u2550\u2550\u2550\u2550\u2550\u2550\u2550\u2550\u2550\u2550\u2550\u2550\u2550\u2550\u2550\u255d\n\n  Total Nodes:      0\n  Sealed:           0\n  Pending Teaching: 0\n  Taught:           0\n\n  By Tier:\n    Planet (174-285 Hz):  0\n    Garden (396-528 Hz):  0\n    Rose   (639-999 Hz):  0\n\n  By Operator:\n    (): 0\n    \u00d7: 0\n    ^: 0\n    \u00f7: 0\n    +: 0\n    \u2212: 0\n\n\u2550\u2550\u2550\u2550\u2550\u2550\u2550\u2550\u2550\u2550\u2550\u2550\u2550\u2550\u2550\u2550\u2550\u2550\u2550\u2550\u2550\u2550\u2550\u2550\u2550\u2550\u2550\u2550\u2550\u2550\u2550\u2550\u2550\u2550\u2550\u2550\u2550\u2550\u2550\u2550\u2550\u2550\u2550\u2550\u2550\u2550\u2550\u2550\u2550\u2550\u2550\u2550\u2550\u2550\u2550\u2550\u2550\u2550\u2550\u2550\u2550\u2550\u2550\u2550\u2550\u2550\u2550\u2550\u2550\u2550",
      "total_nodes": 0,
      "sealed": 0,
      "pending_teaching": 0,
      "taught": 0,
      "by_tier": {
        "Planet": 0,
        "Garden": 0,
        "Rose": 0
      },
      "learned_words": 0
    },
    "cognitive_trace": {
      "vaultnode_candidate": true,
      "vaultnode_generated": false
    },
    "teaching_generated": true
  }
}