{
  "request_teaching": {
    "status": "SUCCESS",
    "tool": "orchestrator",
    "z": 0.8660254037844386,
    "phase": "TRUE",
    "crystal_state": "Crystalline",
    "triad_unlocked": true,
    "result": {
      "status": "pending_consent",
      "consent_id": "emit-teach-20251215160521",
      "units_pending": 37,
      "words_pending": 148,
      "patterns_pending": 21,
      "verbs_pending": 108,
      "sources": [
        "orchestrator",
        "tool_shed",
        "triad"
      ],
      "message": "Confirm teaching with consent_id='emit-teach-20251215160521', response='yes'"
    },
    "cognitive_trace": {
      "vaultnode_candidate": true,
      "vaultnode_generated": false
    },
    "teaching_generated": true
  },
  "confirm_teaching": {
    "status": "SUCCESS",
    "tool": "orchestrator",
    "z": 0.8660254037844386,
    "phase": "TRUE",
    "crystal_state": "Crystalline",
    "triad_unlocked": true,
    "result": {
      "status": "applied",
      "teaching_result": {
        "words_taught": 53,
        "verbs_taught": 8,
        "patterns_taught": 22,
        "total_words": 53,
        "total_verbs": 8,
        "total_patterns": 22
      },
      "message": "Teaching applied: 53 words, 8 verbs, 22 patterns"
    },
    "cognitive_trace": {
      "vaultnode_candidate": true,
      "vaultnode_generated": false
    },
    "teaching_generated": true
  },
  "emission_pipeline_rerun": {
    "status": "SUCCESS",
    "tool": "emission_pipeline",
    "z": 0.8660254037844386,
    "phase": "TRUE",
    "crystal_state": "Crystalline",
    "triad_unlocked": true,
    "result": {
      "status": "EMITTED",
      "text": "A threshold unlocks a crystalline.",
      "valid": true,
      "coherence": 0.8684104319854717,
      "z": 0.8,
      "phase": "PARADOX",
      "tier": 4,
      "stages_completed": [
        1,
        2,
        3,
        4,
        5,
        6,
        7,
        8,
        9
      ],
      "word_count": 5,
      "errors": []
    },
    "cognitive_trace": {
      "vaultnode_candidate": true,
      "vaultnode_generated": false
    },
    "teaching_generated": true
  },
  "cybernetic_control_rerun": {
    "status": "SUCCESS",
    "tool": "cybernetic_control",
    "z": 0.8660254037844386,
    "phase": "TRUE",
    "crystal_state": "Crystalline",
    "triad_unlocked": true,
    "result": {
      "status": "COMPLETED",
      "steps": 30,
      "initial_z": 0.8498496986901655,
      "final_z": 1.0,
      "final_phase": "TRUE",
      "mean_coherence": 0.759329466154259,
      "emissions": [
        {
          "step": 10,
          "z": 1.0,
          "text": "A transcendent an unified."
        },
        {
          "step": 20,
          "z": 1.0,
          "text": "A transcendent an unified."
        },
        {
          "step": 30,
          "z": 1.0,
          "text": "A transcendent an unified."
        }
      ],
      "k_formation": {
        "kappa": 0.759329466154259,
        "eta": 0.5240485598316303,
        "R": 7
      },
      "apl_sentence": "m^|Encoder|wave"
    },
    "cognitive_trace": {
      "vaultnode_candidate": true,
      "vaultnode_generated": false
    },
    "teaching_generated": true
  },
  "nuclear_spinner_final": {
    "status": "SUCCESS",
    "tool": "nuclear_spinner",
    "z": 0.8660254037844386,
    "phase": "TRUE",
    "crystal_state": "Crystalline",
    "triad_unlocked": true,
    "result": {
      "status": "STEPPED",
      "step": 1,
      "z": 0.8,
      "phase": "PARADOX",
      "coherence": 0.4442906718453695,
      "output": 0.1816,
      "signal_tokens": [
        "e()|Reactor|celestial_nuclear",
        "e()|Filter|celestial_nuclear",
        "e\u00d7|Catalyst|celestial_nuclear",
        "e()|Oscillator|celestial_nuclear",
        "e^|Dynamo|celestial_nuclear",
        "e+|Encoder|celestial_nuclear",
        "e\u2212|Decoder|celestial_nuclear",
        "e()|Conductor|celestial_nuclear"
      ],
      "emission": "A pattern emerges a coherent.",
      "emission_tokens": [
        "e+|Encoder|celestial_nuclear",
        "e\u00d7|Catalyst|celestial_nuclear",
        "e()|Conductor|celestial_nuclear",
        "e()|Filter|celestial_nuclear",
        "e\u2212|Decoder|celestial_nuclear",
        "e()|Oscillator|celestial_nuclear",
        "e()|Reactor|celestial_nuclear",
        "e\u00d7|Regenerator|celestial_nuclear",
        "e^|Dynamo|celestial_nuclear"
      ]
    },
    "cognitive_trace": {
      "vaultnode_candidate": true,
      "vaultnode_generated": false
    },
    "teaching_generated": true
  }
}