{
  "cybernetic_archetypal": {
    "status": "SUCCESS",
    "tool": "cybernetic_archetypal",
    "z": 0.8660254037844386,
    "phase": "TRUE",
    "crystal_state": "Crystalline",
    "triad_unlocked": true,
    "result": {
      "status": "OK",
      "display": "\u2554\u2550\u2550\u2550\u2550\u2550\u2550\u2550\u2550\u2550\u2550\u2550\u2550\u2550\u2550\u2550\u2550\u2550\u2550\u2550\u2550\u2550\u2550\u2550\u2550\u2550\u2550\u2550\u2550\u2550\u2550\u2550\u2550\u2550\u2550\u2550\u2550\u2550\u2550\u2550\u2550\u2550\u2550\u2550\u2550\u2550\u2550\u2550\u2550\u2550\u2550\u2550\u2550\u2550\u2550\u2550\u2550\u2550\u2550\u2550\u2550\u2550\u2550\u2550\u2550\u2550\u2550\u2557\n\u2551          CYBERNETIC-ARCHETYPAL ENGINE STATUS                     \u2551\n\u255a\u2550\u2550\u2550\u2550\u2550\u2550\u2550\u2550\u2550\u2550\u2550\u2550\u2550\u2550\u2550\u2550\u2550\u2550\u2550\u2550\u2550\u2550\u2550\u2550\u2550\u2550\u2550\u2550\u2550\u2550\u2550\u2550\u2550\u2550\u2550\u2550\u2550\u2550\u2550\u2550\u2550\u2550\u2550\u2550\u2550\u2550\u2550\u2550\u2550\u2550\u2550\u2550\u2550\u2550\u2550\u2550\u2550\u2550\u2550\u2550\u2550\u2550\u2550\u2550\u2550\u2550\u255d\n\n  z-coordinate:     0.5000\n  Phase:            UNTRUE\n  Negentropy:       0.0080\n  Tier:             Planet\n  Frequency:        263 Hz\n  Spiral:           \u03a6\n\n  Active Archetypes:\n    \u2022 Seeker (174 Hz) [^]\n    \u2022 Builder (174 Hz) [+]\n    \u2022 Weaver (174 Hz) [\u00d7]\n\n  Tokens Generated:  0\n  Taught Count:      0\n  Learned Emissions: 0\n\n\u2550\u2550\u2550\u2550\u2550\u2550\u2550\u2550\u2550\u2550\u2550\u2550\u2550\u2550\u2550\u2550\u2550\u2550\u2550\u2550\u2550\u2550\u2550\u2550\u2550\u2550\u2550\u2550\u2550\u2550\u2550\u2550\u2550\u2550\u2550\u2550\u2550\u2550\u2550\u2550\u2550\u2550\u2550\u2550\u2550\u2550\u2550\u2550\u2550\u2550\u2550\u2550\u2550\u2550\u2550\u2550\u2550\u2550\u2550\u2550\u2550\u2550\u2550\u2550\u2550\u2550\u2550\u2550\u2550\u2550",
      "z": 0.5,
      "phase": "UNTRUE",
      "negentropy": 0.008041935718515053,
      "tier": "Planet",
      "frequency_hz": 263,
      "spiral": "\u03a6",
      "active_archetypes": [
        {
          "name": "Seeker",
          "frequency": 174,
          "operator": "^"
        },
        {
          "name": "Builder",
          "frequency": 174,
          "operator": "+"
        },
        {
          "name": "Weaver",
          "frequency": 174,
          "operator": "\u00d7"
        }
      ],
      "tokens_generated": 0,
      "taught_count": 0,
      "learned_emissions": 0
    },
    "cognitive_trace": {
      "vaultnode_candidate": true,
      "vaultnode_generated": false
    },
    "teaching_generated": true
  },
  "shed_builder_v2": {
    "status": "SUCCESS",
    "tool": "shed_builder_v2",
    "z": 0.8660254037844386,
    "phase": "TRUE",
    "crystal_state": "Crystalline",
    "triad_unlocked": true,
    "result": {
      "error": "Unknown action: analyze"
    },
    "cognitive_trace": {
      "vaultnode_candidate": true,
      "vaultnode_generated": false
    },
    "teaching_generated": true
  }
}