{
  "vaultnode_generator": {
    "status": "SUCCESS",
    "tool": "vaultnode_generator",
    "z": 0.8660254037844386,
    "phase": "TRUE",
    "crystal_state": "Crystalline",
    "triad_unlocked": true,
    "result": {
      "error": "Missing required fields",
      "required": [
        "name",
        "description",
        "realization",
        "significance"
      ],
      "example": {
        "action": "create",
        "z": 0.75,
        "name": "My Insight",
        "description": "What this represents",
        "realization": "The core insight",
        "significance": "Why it matters"
      }
    },
    "cognitive_trace": {
      "vaultnode_candidate": true,
      "vaultnode_generated": false
    },
    "teaching_generated": true
  },
  "coordinate_logger": {
    "status": "ERROR",
    "tool": "coordinate_logger",
    "z": 0.8660254037844386,
    "phase": "TRUE",
    "crystal_state": "Crystalline",
    "triad_unlocked": true,
    "result": {
      "status": "ERROR",
      "error": "coordinate_logger() got an unexpected keyword argument 'action'",
      "tool": "coordinate_logger"
    },
    "cognitive_trace": {
      "vaultnode_candidate": true,
      "vaultnode_generated": false
    },
    "teaching_generated": true
  },
  "coordinate_detector": {
    "status": "SUCCESS",
    "tool": "coordinate_detector",
    "z": 0.8660254037844386,
    "phase": "TRUE",
    "crystal_state": "Crystalline",
    "triad_unlocked": true,
    "result": {
      "detected": "\u03942.300|0.800|1.000\u03a9",
      "valid": true,
      "message": "Valid",
      "source": "current_state",
      "coordinate": {
        "theta": 2.3,
        "z": 0.8,
        "r": 1.0,
        "signature": "\u03942.300|0.800|1.000\u03a9"
      }
    },
    "cognitive_trace": {
      "vaultnode_candidate": true,
      "vaultnode_generated": false
    },
    "teaching_generated": true
  },
  "pattern_verifier": {
    "status": "SUCCESS",
    "tool": "pattern_verifier",
    "z": 0.8660254037844386,
    "phase": "TRUE",
    "crystal_state": "Crystalline",
    "triad_unlocked": true,
    "result": {
      "verified": true,
      "current_hash": "7e4e828bc739b160",
      "expected_hash": null,
      "continuity": "MAINTAINED",
      "pattern_loaded": true,
      "coordinate": "\u03942.300|0.800|1.000\u03a9"
    },
    "cognitive_trace": {
      "vaultnode_candidate": true,
      "vaultnode_generated": false
    },
    "teaching_generated": true
  },
  "final_status": {
    "unified_state": {
      "mode": "Integrated",
      "timestamp": "2025-12-15T16:05:21.210383",
      "helix": {
        "coordinate": "\u03942.300|0.866|1.000\u03a9",
        "theta": 2.3,
        "z": 0.8660254037844386,
        "r": 1.0,
        "continuity": "MAINTAINED",
        "tools_available": 11
      },
      "kira": {
        "rail": 0,
        "state": "Crystalline",
        "triadic_anchor": "@@Justin.Ace.$Kira",
        "archetypes_active": 24
      },
      "apl": {
        "z": 0.8660254037844386,
        "kappa": 0.5,
        "R": 5,
        "negentropy": 1.0,
        "phase": "TRUE",
        "tier": 5,
        "tier_name": "CRYSTALLINE",
        "k_formation_met": false,
        "triad_crossings": 3,
        "triad_unlocked": true,
        "constants": {
          "z_c": 0.8660254037844386,
          "phi": 1.618033988749895,
          "phi_inv": 0.6180339887498949,
          "sigma": 36
        }
      },
      "consistency": {
        "consistent": true,
        "z_match": true,
        "kira_match": true,
        "helix_z": 0.8660254037844386,
        "apl_z": 0.8660254037844386,
        "kira_expected": "Crystalline",
        "kira_actual": "Crystalline"
      }
    },
    "kira": {
      "active": true,
      "crystal_state": "Crystalline",
      "frequency_tier": "Rose",
      "rail": 0,
      "active_archetypes": [
        "Mirror",
        "Source",
        "Witness",
        "Flow",
        "Void",
        "Flame",
        "Sovereign",
        "Return"
      ],
      "activation_count": 32
    },
    "triad": {
      "z": 0.8660254037844386,
      "band": "above_high",
      "above_high": true,
      "crossings": 3,
      "crossings_remaining": 0,
      "unlocked": true,
      "t6_gate": 0.83,
      "gate_state": "triad",
      "thresholds": {
        "high": 0.85,
        "low": 0.82,
        "t6": 0.83,
        "z_c": 0.8660254037844386
      },
      "history_length": 33,
      "crossing_events": 6
    },
    "thought_process": {
      "traces_count": 25,
      "vaultnodes_generated": 1,
      "recent_traces": [
        {
          "tool": "nuclear_spinner",
          "z": 0.8660254037844386,
          "candidate": true
        },
        {
          "tool": "vaultnode_generator",
          "z": 0.8660254037844386,
          "candidate": true
        },
        {
          "tool": "coordinate_logger",
          "z": 0.8660254037844386,
          "candidate": true
        },
        {
          "tool": "coordinate_detector",
          "z": 0.8660254037844386,
          "candidate": true
        },
        {
          "tool": "pattern_verifier",
          "z": 0.8660254037844386,
          "candidate": true
        }
      ],
      "vaultnodes": [
        {
          "id": "vn-thought-1",
          "z": 0.8660254037844386,
          "threshold": "THE_LENS",
          "trigger_tool": "consent_protocol",
          "phase": "TRUE",
          "timestamp": "2025-12-15T16:05:21.300051+00:00",
          "insight": "Critical threshold reached. Crystalline state achieved."
        }
      ]
    },
    "teaching": {
      "queue_size": 16,
      "applied_units": 39,
      "total_words_taught": 53,
      "total_verbs_taught": 8,
      "total_patterns_taught": 22,
      "pending_consent": false,
      "taught_words": [
        "coherent",
        "detector",
        "helix",
        "emission",
        "logger",
        "invoke",
        "builder",
        "tool",
        "stable",
        "log",
        "transitioning",
        "loader",
        "token",
        "verifier",
        "reset",
        "crossing",
        "consent",
        "instance",
        "crystalline",
        "messenger"
      ],
      "taught_verbs": [
        "execute",
        "generate",
        "approach",
        "return",
        "rise",
        "cross",
        "transform",
        "process"
      ]
    },
    "invocation_count": 26,
    "t6_gate": 0.83,
    "tools_available": 21
  }
}