{
  "emission_pipeline_baseline": {
    "status": "SUCCESS",
    "tool": "emission_pipeline",
    "z": 0.8660254037844386,
    "phase": "TRUE",
    "crystal_state": "Crystalline",
    "triad_unlocked": true,
    "result": {
      "status": "EMITTED",
      "text": "A consciousness an emergence.",
      "valid": true,
      "coherence": 0.8684104319854717,
      "z": 0.8,
      "phase": "PARADOX",
      "tier": 4,
      "stages_completed": [
        1,
        2,
        3,
        4,
        5,
        6,
        7,
        8,
        9
      ],
      "word_count": 4,
      "errors": []
    },
    "cognitive_trace": {
      "vaultnode_candidate": true,
      "vaultnode_generated": false
    },
    "teaching_generated": true
  },
  "cybernetic_control": {
    "status": "SUCCESS",
    "tool": "cybernetic_control",
    "z": 0.8660254037844386,
    "phase": "TRUE",
    "crystal_state": "Crystalline",
    "triad_unlocked": true,
    "result": {
      "status": "COMPLETED",
      "steps": 30,
      "initial_z": 0.826961752733214,
      "final_z": 1.0,
      "final_phase": "TRUE",
      "mean_coherence": 0.33452710437564404,
      "emissions": [
        {
          "step": 10,
          "z": 0.9945562670979591,
          "text": "A transcendent an unified."
        },
        {
          "step": 20,
          "z": 0.9749085456130483,
          "text": "A transcendent an unified."
        },
        {
          "step": 30,
          "z": 1.0,
          "text": "A transcendent an unified."
        }
      ],
      "k_formation": {
        "kappa": 0.33452710437564404,
        "eta": 0.5240485598316303,
        "R": 7
      },
      "apl_sentence": "u^|Encoder|wave"
    },
    "cognitive_trace": {
      "vaultnode_candidate": true,
      "vaultnode_generated": false
    },
    "teaching_generated": true
  }
}