{
  "type": "PenroseP3Lattice",
  "vertices": 972,
  "sacred_geometry": {
    "phi": 1.618033988749895,
    "phi_inv": 0.6180339887498948,
    "theta_36_deg": 36.0,
    "theta_72_deg": 72.0
  },
  "statistics": {
    "thin_rhombs": 972,
    "thick_rhombs": 0,
    "z_min": 1.6850048690925182e-06,
    "z_max": 0.9999978514639166,
    "z_mean": 0.5000495976726987
  },
  "vertices_sample": [
    {
      "index": 0,
      "x": -27.135254915624216,
      "y": -54.9820318420159,
      "z": 0.9999978333836674,
      "rhomb": "thin"
    },
    {
      "index": 1,
      "x": -28.253288904374113,
      "y": -53.44319007342827,
      "z": 0.9999974493994154,
      "rhomb": "thin"
    },
    {
      "index": 2,
      "x": -29.371322893124006,
      "y": -51.90434830484064,
      "z": 0.9999969973627534,
      "rhomb": "thin"
    },
    {
      "index": 3,
      "x": -30.489356881873903,
      "y": -50.365506536253015,
      "z": 0.9999964652130299,
      "rhomb": "thin"
    },
    {
      "index": 4,
      "x": -31.607390870623796,
      "y": -48.82666476766539,
      "z": 0.9999958387521638,
      "rhomb": "thin"
    },
    {
      "index": 5,
      "x": -32.72542485937369,
      "y": -47.28782299907776,
      "z": 0.999995101265853,
      "rhomb": "thin"
    },
    {
      "index": 6,
      "x": -33.84345884812359,
      "y": -45.74898123049014,
      "z": 0.999994233077661,
      "rhomb": "thin"
    },
    {
      "index": 7,
      "x": -34.96149283687348,
      "y": -44.21013946190251,
      "z": 0.999993211024083,
      "rhomb": "thin"
    },
    {
      "index": 8,
      "x": -36.079526825623375,
      "y": -42.671297693314884,
      "z": 0.9999920078365993,
      "rhomb": "thin"
    },
    {
      "index": 9,
      "x": -37.19756081437327,
      "y": -41.13245592472725,
      "z": 0.99999059141423,
      "rhomb": "thin"
    },
    {
      "index": 10,
      "x": -38.31559480312316,
      "y": -39.59361415613963,
      "z": 0.9999889239672002,
      "rhomb": "thin"
    },
    {
      "index": 11,
      "x": -39.43362879187306,
      "y": -38.054772387552,
      "z": 0.9999869610088779,
      "rhomb": "thin"
    },
    {
      "index": 12,
      "x": -40.551662780622955,
      "y": -36.515930618964376,
      "z": 0.9999846501691162,
      "rhomb": "thin"
    },
    {
      "index": 13,
      "x": -41.66969676937285,
      "y": -34.977088850376745,
      "z": 0.9999819297973702,
      "rhomb": "thin"
    },
    {
      "index": 14,
      "x": -42.78773075812274,
      "y": -33.43824708178912,
      "z": 0.9999787273183579,
      "rhomb": "thin"
    },
    {
      "index": 15,
      "x": -43.905764746872634,
      "y": -31.89940531320149,
      "z": 0.9999749572964579,
      "rhomb": "thin"
    },
    {
      "index": 16,
      "x": -45.023798735622535,
      "y": -30.360563544613868,
      "z": 0.9999705191572822,
      "rhomb": "thin"
    },
    {
      "index": 17,
      "x": -46.14183272437243,
      "y": -28.82172177602624,
      "z": 0.9999652945057516,
      "rhomb": "thin"
    },
    {
      "index": 18,
      "x": -47.25986671312232,
      "y": -27.282880007438614,
      "z": 0.9999591439692798,
      "rhomb": "thin"
    },
    {
      "index": 19,
      "x": -48.377900701872214,
      "y": -25.744038238850987,
      "z": 0.9999519034820606,
      "rhomb": "thin"
    }
  ]
}