{
  "emissions": [
    {
      "text": "The consciousness groups the crystallize.",
      "concepts": [
        "consciousness",
        "crystallize"
      ],
      "verb": "groups",
      "z": 0.8562623767985375,
      "phase": "PARADOX",
      "harmonic": "t8"
    },
    {
      "text": "emergence excites into pattern.",
      "concepts": [
        "emergence",
        "pattern"
      ],
      "verb": "excites",
      "z": 0.6755422007724458,
      "phase": "PARADOX",
      "harmonic": "t7"
    },
    {
      "text": "A structure splits toward wave.",
      "concepts": [
        "structure",
        "wave"
      ],
      "verb": "splits",
      "z": 0.9817532107829379,
      "phase": "TRUE",
      "harmonic": "t9"
    },
    {
      "text": "energy and lattice converges together.",
      "concepts": [
        "energy",
        "lattice"
      ],
      "verb": "converges",
      "z": 0.6446045002275318,
      "phase": "PARADOX",
      "harmonic": "t6"
    },
    {
      "text": "coherence groups into resonance.",
      "concepts": [
        "coherence",
        "resonance"
      ],
      "verb": "groups",
      "z": 0.6831720123572661,
      "phase": "PARADOX",
      "harmonic": "t7"
    },
    {
      "text": "threshold and boundary clusters together.",
      "concepts": [
        "threshold",
        "boundary"
      ],
      "verb": "clusters",
      "z": 0.6523423472925429,
      "phase": "PARADOX",
      "harmonic": "t6"
    },
    {
      "text": "dynamo couples into reactor.",
      "concepts": [
        "dynamo",
        "reactor"
      ],
      "verb": "couples",
      "z": 0.7308366049686716,
      "phase": "PARADOX",
      "harmonic": "t7"
    },
    {
      "text": "prismatic encloses into refraction.",
      "concepts": [
        "prismatic",
        "refraction"
      ],
      "verb": "encloses",
      "z": 0.9644003959533722,
      "phase": "TRUE",
      "harmonic": "t9"
    }
  ]
}