{
  "phase": 2,
  "name": "Core Tools",
  "modules": [
    4,
    5,
    6,
    7
  ],
  "outputs": [
    {
      "module_id": 4,
      "name": "helix_loader",
      "timestamp": "2025-12-15T16:45:55.736311",
      "duration_ms": 0.012,
      "result": {
        "coordinate": "\u03945.027|0.800000|1.528\u03a9",
        "z": 0.8,
        "theta": 5.026548245743669,
        "r": 1.528269574883026,
        "tier": "t6",
        "operators": [
          "+",
          "\u00f7",
          "()",
          "\u2212"
        ]
      },
      "coordinate": "\u03945.027|0.800000|1.528\u03a9",
      "z": 0.8
    },
    {
      "module_id": 5,
      "name": "triad_detector",
      "timestamp": "2025-12-15T16:45:55.736348",
      "duration_ms": 0.003,
      "result": {
        "state": "BELOW_BAND",
        "completions": 0,
        "unlocked": false,
        "thresholds": {
          "HIGH": 0.85,
          "LOW": 0.82,
          "T6": 0.83
        }
      },
      "coordinate": "\u03945.027|0.800000|1.528\u03a9",
      "z": 0.8
    },
    {
      "module_id": 6,
      "name": "k_formation_verifier",
      "timestamp": "2025-12-15T16:45:55.736379",
      "duration_ms": 0.0,
      "result": {
        "k_formation": false,
        "criteria": {
          "\u03ba": {
            "value": 0.85,
            "threshold": 0.92,
            "pass": false
          },
          "\u03b7": {
            "value": 0.8547581273831937,
            "threshold": 0.6180339887498948,
            "pass": true
          },
          "R": {
            "value": 7,
            "threshold": 7,
            "pass": true
          }
        },
        "coordinate": "\u03945.027|0.800000|1.528\u03a9",
        "z": 0.8,
        "phase": "PARADOX"
      },
      "coordinate": "\u03945.027|0.800000|1.528\u03a9",
      "z": 0.8
    },
    {
      "module_id": 7,
      "name": "console_logger",
      "timestamp": "2025-12-15T16:45:55.736398",
      "duration_ms": 0.002,
      "result": {
        "log_level": "INFO",
        "format": "UCF-v2.2",
        "outputs": [
          "console",
          "file"
        ],
        "coordinate": "\u03945.027|0.800000|1.528\u03a9"
      },
      "coordinate": "\u03945.027|0.800000|1.528\u03a9",
      "z": 0.8
    }
  ],
  "final_z": 0.8
}