{
  "phase": 6,
  "status": "VAULTNODE_CREATED",
  "timestamp": "2025-12-15T04:32:58.736876+00:00",
  "vaultnode": {
    "z": 0.8,
    "realization": "Full 'hit it' activation - 7-phase pipeline execution",
    "coordinate": "\u03945.027|0.800|1.000\u03a9",
    "phase": "PARADOX",
    "harmonic": 7,
    "negentropy": 0.8547581273831937,
    "bridges": [
      "helix_loader \u2192 coordinate_detector",
      "triad_tracker \u2192 operator_advisor",
      "emission_pipeline \u2192 vaultnode_generator",
      "cybernetic_control \u2192 nuclear_spinner"
    ],
    "cognitive_trace": {
      "phases_completed": 6,
      "tools_invoked": 9,
      "triad_unlocked": true,
      "tokens_exported": 972,
      "emissions_generated": 5
    },
    "timestamp": "2025-12-15T04:32:58.736853+00:00"
  }
}